Tanggal,Waktu,Beban
1/1/2019,siang,101
1/1/2019,malam,141
1/2/2019,siang,120
1/2/2019,malam,163
1/3/2019,siang,147
1/3/2019,malam,165
1/4/2019,siang,144
1/4/2019,malam,170
1/5/2019,siang,145
1/5/2019,malam,160
1/6/2019,siang,118
1/6/2019,malam,172
1/7/2019,siang,158
1/7/2019,malam,173
1/8/2019,siang,151
1/8/2019,malam,155
1/9/2019,siang,150
1/9/2019,malam,171
1/10/2019,siang,150
1/10/2019,malam,155
1/11/2019,siang,151
1/11/2019,malam,166
1/12/2019,siang,151
1/12/2019,malam,155
1/13/2019,siang,120
1/13/2019,malam,162
1/14/2019,siang,150
1/14/2019,malam,165
1/15/2019,siang,157
1/15/2019,malam,173
1/16/2019,siang,157
1/16/2019,malam,166
1/17/2019,siang,155
1/17/2019,malam,167
1/18/2019,siang,146
1/18/2019,malam,162
1/19/2019,siang,152
1/19/2019,malam,166
1/20/2019,siang,127
1/20/2019,malam,158
1/21/2019,siang,152
1/21/2019,malam,170
1/22/2019,siang,149
1/22/2019,malam,149
1/23/2019,siang,153
1/23/2019,malam,NaN
1/24/2019,siang,NaN
1/24/2019,malam,NaN
1/25/2019,siang,NaN
1/25/2019,malam,165
1/26/2019,siang,155
1/26/2019,malam,167
1/27/2019,siang,125
1/27/2019,malam,157
1/28/2019,siang,146
1/28/2019,malam,177
1/29/2019,siang,152
1/29/2019,malam,181
1/30/2019,siang,167
1/30/2019,malam,182
1/31/2019,siang,152
1/31/2019,malam,NaN
2/1/2019,siang,151
2/1/2019,malam,166
2/2/2019,siang,160
2/2/2019,malam,161
2/3/2019,siang,116
2/3/2019,malam,166
2/4/2019,siang,153
2/4/2019,malam,172
2/5/2019,siang,138
2/5/2019,malam,155
2/6/2019,siang,155
2/6/2019,malam,171
2/7/2019,siang,157
2/7/2019,malam,175
2/8/2019,siang,157
2/8/2019,malam,175
2/9/2019,siang,155
2/9/2019,malam,160
2/10/2019,siang,125
2/10/2019,malam,163
2/11/2019,siang,150
2/11/2019,malam,171
2/12/2019,siang,154
2/12/2019,malam,171
2/13/2019,siang,151
2/13/2019,malam,179
2/14/2019,siang,157
2/14/2019,malam,176
2/15/2019,siang,158
2/15/2019,malam,167
2/16/2019,siang,157
2/16/2019,malam,171
2/17/2019,siang,125
2/17/2019,malam,101
2/18/2019,siang,167
2/18/2019,malam,169
2/19/2019,siang,160
2/19/2019,malam,174
2/20/2019,siang,158
2/20/2019,malam,170
2/21/2019,siang,150
2/21/2019,malam,172
2/22/2019,siang,146
2/22/2019,malam,163
2/23/2019,siang,158
2/23/2019,malam,172
2/24/2019,siang,130
2/24/2019,malam,155
2/25/2019,siang,146
2/25/2019,malam,156
2/26/2019,siang,151
2/26/2019,malam,176
2/27/2019,siang,150
2/27/2019,malam,181
2/28/2019,siang,154
2/28/2019,malam,NaN
3/1/2019,siang,149
3/1/2019,malam,166
3/2/2019,siang,160
3/2/2019,malam,165
3/3/2019,siang,122
3/3/2019,malam,154
3/4/2019,siang,154
3/4/2019,malam,185
3/5/2019,siang,161
3/5/2019,malam,168
3/6/2019,siang,150
3/6/2019,malam,161
3/7/2019,siang,124
3/7/2019,malam,148
3/8/2019,siang,137
3/8/2019,malam,160
3/9/2019,siang,152
3/9/2019,malam,170
3/10/2019,siang,129
3/10/2019,malam,170
3/11/2019,siang,161
3/11/2019,malam,177
3/12/2019,siang,162
3/12/2019,malam,181
3/13/2019,siang,160
3/13/2019,malam,181
3/14/2019,siang,156
3/14/2019,malam,180
3/15/2019,siang,150
3/15/2019,malam,169
3/16/2019,siang,154
3/16/2019,malam,164
3/17/2019,siang,0
3/17/2019,malam,165
3/18/2019,siang,145
3/18/2019,malam,170
3/19/2019,siang,159
3/19/2019,malam,163
3/20/2019,siang,143
3/20/2019,malam,161
3/21/2019,siang,152
3/21/2019,malam,160
3/22/2019,siang,150
3/22/2019,malam,186
3/23/2019,siang,165
3/23/2019,malam,160
3/24/2019,siang,120
3/24/2019,malam,154
3/25/2019,siang,151
3/25/2019,malam,157
3/26/2019,siang,158
3/26/2019,malam,164
3/27/2019,siang,157
3/27/2019,malam,174
3/28/2019,siang,150
3/28/2019,malam,168
3/29/2019,siang,146
3/29/2019,malam,185
3/30/2019,siang,155
3/30/2019,malam,164
3/31/2019,siang,131
3/31/2019,malam,170
4/1/2019,siang,154
4/1/2019,malam,NaN
4/2/2019,siang,0
4/2/2019,malam,0
4/3/2019,siang,0
4/3/2019,malam,167
4/4/2019,siang,160
4/4/2019,malam,169
4/5/2019,siang,153
4/5/2019,malam,160
4/6/2019,siang,160
4/6/2019,malam,175
4/7/2019,siang,130
4/7/2019,malam,172
4/8/2019,siang,157
4/8/2019,malam,181
4/9/2019,siang,167
4/9/2019,malam,78
4/10/2019,siang,65
4/10/2019,malam,75
4/11/2019,siang,64
4/11/2019,malam,72
4/12/2019,siang,61
4/12/2019,malam,4
4/13/2019,siang,61
4/13/2019,malam,74
4/14/2019,siang,0
4/14/2019,malam,161
4/15/2019,siang,151
4/15/2019,malam,170
4/16/2019,siang,149
4/16/2019,malam,164
4/17/2019,siang,102
4/17/2019,malam,152
4/18/2019,siang,152
4/18/2019,malam,186
4/19/2019,siang,145
4/19/2019,malam,180
4/20/2019,siang,163
4/20/2019,malam,178
4/21/2019,siang,133
4/21/2019,malam,172
4/22/2019,siang,155
4/22/2019,malam,190
4/23/2019,siang,152
4/23/2019,malam,184
4/24/2019,siang,164
4/24/2019,malam,186
4/25/2019,siang,NaN
4/25/2019,malam,183
4/26/2019,siang,156
4/26/2019,malam,180
4/27/2019,siang,150
4/27/2019,malam,177
4/28/2019,siang,NaN
4/28/2019,malam,NaN
4/29/2019,siang,NaN
4/29/2019,malam,NaN
4/30/2019,siang,NaN
4/30/2019,malam,NaN
5/1/2019,siang,116
5/1/2019,malam,151
5/2/2019,siang,147
5/2/2019,malam,165
5/3/2019,siang,149
5/3/2019,malam,171
5/4/2019,siang,156
5/4/2019,malam,170
5/5/2019,siang,120
5/5/2019,malam,160
5/6/2019,siang,122
5/6/2019,malam,167
5/7/2019,siang,151
5/7/2019,malam,150
5/8/2019,siang,154
5/8/2019,malam,170
5/9/2019,siang,150
5/9/2019,malam,179
5/10/2019,siang,140
5/10/2019,malam,180
5/11/2019,siang,151
5/11/2019,malam,160
5/12/2019,siang,116
5/12/2019,malam,107
5/13/2019,siang,140
5/13/2019,malam,175
5/14/2019,siang,151
5/14/2019,malam,161
5/15/2019,siang,148
5/15/2019,malam,180
5/16/2019,siang,151
5/16/2019,malam,162
5/17/2019,siang,140
5/17/2019,malam,164
5/18/2019,siang,146
5/18/2019,malam,175
5/19/2019,siang,116
5/19/2019,malam,172
5/20/2019,siang,140
5/20/2019,malam,175
5/21/2019,siang,143
5/21/2019,malam,178
5/22/2019,siang,118
5/22/2019,malam,178
5/23/2019,siang,146
5/23/2019,malam,164
5/24/2019,siang,145
5/24/2019,malam,170
5/25/2019,siang,142
5/25/2019,malam,170
5/26/2019,siang,115
5/26/2019,malam,161
5/27/2019,siang,139
5/27/2019,malam,171
5/28/2019,siang,144
5/28/2019,malam,170
5/29/2019,siang,142
5/29/2019,malam,173
5/30/2019,siang,138
5/30/2019,malam,164
5/31/2019,siang,127
5/31/2019,malam,164
6/1/2019,siang,105
6/1/2019,malam,140
6/2/2019,siang,95
6/2/2019,malam,144
6/3/2019,siang,100
6/3/2019,malam,145
6/4/2019,siang,96
6/4/2019,malam,141
6/5/2019,siang,85
6/5/2019,malam,135
6/6/2019,siang,95
6/6/2019,malam,135
6/7/2019,siang,94
6/7/2019,malam,139
6/8/2019,siang,93
6/8/2019,malam,141
6/9/2019,siang,95
6/9/2019,malam,145
6/10/2019,siang,105
6/10/2019,malam,145
6/11/2019,siang,106
6/11/2019,malam,144
6/12/2019,siang,106
6/12/2019,malam,148
6/13/2019,siang,117
6/13/2019,malam,159
6/14/2019,siang,125
6/14/2019,malam,152
6/15/2019,siang,128
6/15/2019,malam,148
6/16/2019,siang,48
6/16/2019,malam,159
6/17/2019,siang,133
6/17/2019,malam,163
6/18/2019,siang,139
6/18/2019,malam,166
6/19/2019,siang,145
6/19/2019,malam,165
6/20/2019,siang,140
6/20/2019,malam,163
6/21/2019,siang,137
6/21/2019,malam,160
6/22/2019,siang,140
6/22/2019,malam,160
6/23/2019,siang,110
6/23/2019,malam,122
6/24/2019,siang,134
6/24/2019,malam,160
6/25/2019,siang,142
6/25/2019,malam,165
6/26/2019,siang,146
6/26/2019,malam,160
6/27/2019,siang,141
6/27/2019,malam,162
6/28/2019,siang,141
6/28/2019,malam,151
6/29/2019,siang,143
6/29/2019,malam,155
6/30/2019,siang,110
6/30/2019,malam,141
7/1/2019,siang,134
7/1/2019,malam,161
7/2/2019,siang,136
7/2/2019,malam,160
7/3/2019,siang,144
7/3/2019,malam,161
7/4/2019,siang,150
7/4/2019,malam,160
7/5/2019,siang,145
7/5/2019,malam,165
7/6/2019,siang,48
7/6/2019,malam,162
7/7/2019,siang,125
7/7/2019,malam,160
7/8/2019,siang,138
7/8/2019,malam,163
7/9/2019,siang,141
7/9/2019,malam,156
7/10/2019,siang,143
7/10/2019,malam,162
7/11/2019,siang,141
7/11/2019,malam,145
7/12/2019,siang,131
7/12/2019,malam,160
7/13/2019,siang,143
7/13/2019,malam,152
7/14/2019,siang,105
7/14/2019,malam,140
7/15/2019,siang,128
7/15/2019,malam,150
7/16/2019,siang,135
7/16/2019,malam,145
7/17/2019,siang,127
7/17/2019,malam,166
7/18/2019,siang,139
7/18/2019,malam,159
7/19/2019,siang,138
7/19/2019,malam,160
7/20/2019,siang,135
7/20/2019,malam,151
7/21/2019,siang,109
7/21/2019,malam,151
7/22/2019,siang,140
7/22/2019,malam,162
7/23/2019,siang,139
7/23/2019,malam,158
7/24/2019,siang,136
7/24/2019,malam,171
7/25/2019,siang,144
7/25/2019,malam,172
7/26/2019,siang,145
7/26/2019,malam,167
7/27/2019,siang,152
7/27/2019,malam,173
7/28/2019,siang,120
7/28/2019,malam,152
7/29/2019,siang,146
7/29/2019,malam,178
7/30/2019,siang,145
7/30/2019,malam,167
7/31/2019,siang,152
7/31/2019,malam,173
8/1/2019,siang,136
8/1/2019,malam,162
8/2/2019,siang,139
8/2/2019,malam,163
8/3/2019,siang,145
8/3/2019,malam,156
8/4/2019,siang,110
8/4/2019,malam,142
8/5/2019,siang,130
8/5/2019,malam,155
8/6/2019,siang,130
8/6/2019,malam,157
8/7/2019,siang,123
8/7/2019,malam,161
8/8/2019,siang,137
8/8/2019,malam,160
8/9/2019,siang,135
8/9/2019,malam,161
8/10/2019,siang,135
8/10/2019,malam,143
8/11/2019,siang,84
8/11/2019,malam,137
8/12/2019,siang,133
8/12/2019,malam,141
8/13/2019,siang,145
8/13/2019,malam,162
8/14/2019,siang,140
8/14/2019,malam,167
8/15/2019,siang,143
8/15/2019,malam,166
8/16/2019,siang,138
8/16/2019,malam,165
8/17/2019,siang,105
8/17/2019,malam,140
8/18/2019,siang,104
8/18/2019,malam,150
8/19/2019,siang,139
8/19/2019,malam,163
8/20/2019,siang,140
8/20/2019,malam,140
8/21/2019,siang,145
8/21/2019,malam,42
8/22/2019,siang,142
8/22/2019,malam,169
8/23/2019,siang,140
8/23/2019,malam,160
8/24/2019,siang,144
8/24/2019,malam,161
8/25/2019,siang,115
8/25/2019,malam,149
8/26/2019,siang,139
8/26/2019,malam,169
8/27/2019,siang,142
8/27/2019,malam,183
8/28/2019,siang,149
8/28/2019,malam,175
8/29/2019,siang,161
8/29/2019,malam,174
8/30/2019,siang,145
8/30/2019,malam,173
8/31/2019,siang,161
8/31/2019,malam,174
9/1/2019,siang,116
9/1/2019,malam,161
9/2/2019,siang,156
9/2/2019,malam,174
9/3/2019,siang,160
9/3/2019,malam,178
9/4/2019,siang,145
9/4/2019,malam,179
9/5/2019,siang,151
9/5/2019,malam,180
9/6/2019,siang,160
9/6/2019,malam,174
9/7/2019,siang,148
9/7/2019,malam,174
9/8/2019,siang,0
9/8/2019,malam,168
9/9/2019,siang,150
9/9/2019,malam,176
9/10/2019,siang,156
9/10/2019,malam,179
9/11/2019,siang,160
9/11/2019,malam,178
9/12/2019,siang,157
9/12/2019,malam,169
9/13/2019,siang,153
9/13/2019,malam,170
9/14/2019,siang,155
9/14/2019,malam,177
9/15/2019,siang,122
9/15/2019,malam,166
9/16/2019,siang,156
9/16/2019,malam,175
9/17/2019,siang,165
9/17/2019,malam,185
9/18/2019,siang,160
9/18/2019,malam,173
9/19/2019,siang,150
9/19/2019,malam,178
9/20/2019,siang,151
9/20/2019,malam,175
9/21/2019,siang,150
9/21/2019,malam,166
9/22/2019,siang,126
9/22/2019,malam,161
9/23/2019,siang,147
9/23/2019,malam,150
9/24/2019,siang,153
9/24/2019,malam,175
9/25/2019,siang,158
9/25/2019,malam,180
9/26/2019,siang,152
9/26/2019,malam,181
9/27/2019,siang,159
9/27/2019,malam,173
9/28/2019,siang,153
9/28/2019,malam,170
9/29/2019,siang,133
9/29/2019,malam,160
9/30/2019,siang,160
9/30/2019,malam,175
10/1/2019,siang,154
10/1/2019,malam,171
10/2/2019,siang,152
10/2/2019,malam,173
10/3/2019,siang,36
10/3/2019,malam,150
10/4/2019,siang,132
10/4/2019,malam,144
10/5/2019,siang,131
10/5/2019,malam,138
10/6/2019,siang,110
10/6/2019,malam,138
10/7/2019,siang,135
10/7/2019,malam,146
10/8/2019,siang,141
10/8/2019,malam,141
10/9/2019,siang,135
10/9/2019,malam,150
10/10/2019,siang,148
10/10/2019,malam,150
10/11/2019,siang,138
10/11/2019,malam,151
10/12/2019,siang,140
10/12/2019,malam,153
10/13/2019,siang,116
10/13/2019,malam,138
10/14/2019,siang,145
10/14/2019,malam,152
10/15/2019,siang,142
10/15/2019,malam,150
10/16/2019,siang,141
10/16/2019,malam,147
10/17/2019,siang,138
10/17/2019,malam,150
10/18/2019,siang,136
10/18/2019,malam,154
10/19/2019,siang,139
10/19/2019,malam,149
10/20/2019,siang,112
10/20/2019,malam,135
10/21/2019,siang,140
10/21/2019,malam,143
10/22/2019,siang,143
10/22/2019,malam,142
10/23/2019,siang,122
10/23/2019,malam,136
10/24/2019,siang,126
10/24/2019,malam,132
10/25/2019,siang,120
10/25/2019,malam,130
10/26/2019,siang,125
10/26/2019,malam,32
10/27/2019,siang,103
10/27/2019,malam,132
10/28/2019,siang,134
10/28/2019,malam,151
10/29/2019,siang,142
10/29/2019,malam,147
10/30/2019,siang,130
10/30/2019,malam,154
10/31/2019,siang,136
10/31/2019,malam,148
11/1/2019,siang,143
11/1/2019,malam,139
11/2/2019,siang,140
11/2/2019,malam,135
11/3/2019,siang,110
11/3/2019,malam,134
11/4/2019,siang,90
11/4/2019,malam,120
11/5/2019,siang,134
11/5/2019,malam,156
11/6/2019,siang,137
11/6/2019,malam,155
11/7/2019,siang,138
11/7/2019,malam,156
11/8/2019,siang,137
11/8/2019,malam,277
11/9/2019,siang,222
11/9/2019,malam,260
11/10/2019,siang,209
11/10/2019,malam,266
11/11/2019,siang,230
11/11/2019,malam,287
11/12/2019,siang,145
11/12/2019,malam,152
11/13/2019,siang,148
11/13/2019,malam,158
11/14/2019,siang,152
11/14/2019,malam,149
11/15/2019,siang,132
11/15/2019,malam,152
11/16/2019,siang,149
11/16/2019,malam,152
11/17/2019,siang,122
11/17/2019,malam,145
11/18/2019,siang,141
11/18/2019,malam,160
11/19/2019,siang,145
11/19/2019,malam,156
11/20/2019,siang,151
11/20/2019,malam,157
11/21/2019,siang,140
11/21/2019,malam,150
11/22/2019,siang,143
11/22/2019,malam,141
11/23/2019,siang,140
11/23/2019,malam,151
11/24/2019,siang,122
11/24/2019,malam,147
11/25/2019,siang,143
11/25/2019,malam,150
11/26/2019,siang,151
11/26/2019,malam,144
11/27/2019,siang,143
11/27/2019,malam,151
11/28/2019,siang,143
11/28/2019,malam,145
11/29/2019,siang,141
11/29/2019,malam,160
11/30/2019,siang,150
11/30/2019,malam,140
12/1/2019,siang,120
12/1/2019,malam,140
12/2/2019,siang,144
12/2/2019,malam,140
12/3/2019,siang,140
12/3/2019,malam,153
12/4/2019,siang,130
12/4/2019,malam,150
12/5/2019,siang,140
12/5/2019,malam,146
12/6/2019,siang,140
12/6/2019,malam,154
12/7/2019,siang,17
12/7/2019,malam,23
12/8/2019,siang,118
12/8/2019,malam,134
12/9/2019,siang,136
12/9/2019,malam,141
12/10/2019,siang,147
12/10/2019,malam,151
12/11/2019,siang,192
12/11/2019,malam,153
12/12/2019,siang,145
12/12/2019,malam,145
12/13/2019,siang,134
12/13/2019,malam,146
12/14/2019,siang,14
12/14/2019,malam,131
12/15/2019,siang,110
12/15/2019,malam,130
12/16/2019,siang,142
12/16/2019,malam,132
12/17/2019,siang,135
12/17/2019,malam,141
12/18/2019,siang,137
12/18/2019,malam,155
12/19/2019,siang,141
12/19/2019,malam,134
12/20/2019,siang,131
12/20/2019,malam,141
12/21/2019,siang,144
12/21/2019,malam,143
12/22/2019,siang,126
12/22/2019,malam,131
12/23/2019,siang,136
12/23/2019,malam,145
12/24/2019,siang,130
12/24/2019,malam,133
12/25/2019,siang,133
12/25/2019,malam,124
12/26/2019,siang,127
12/26/2019,malam,131
12/27/2019,siang,127
12/27/2019,malam,125
12/28/2019,siang,127
12/28/2019,malam,125
12/29/2019,siang,97
12/29/2019,malam,121
12/30/2019,siang,115
12/30/2019,malam,120
12/31/2019,siang,97
12/31/2019,malam,109
1/1/2020,siang,76
1/1/2020,malam,110
1/2/2020,siang,97
1/2/2020,malam,132
1/3/2020,siang,104
1/3/2020,malam,123
1/4/2020,siang,150
1/4/2020,malam,135
1/5/2020,siang,106
1/5/2020,malam,123
1/6/2020,siang,130
1/6/2020,malam,122
1/7/2020,siang,131
1/7/2020,malam,146
1/8/2020,siang,139
1/8/2020,malam,145
1/9/2020,siang,138
1/9/2020,malam,146
1/10/2020,siang,132
1/10/2020,malam,146
1/11/2020,siang,136
1/11/2020,malam,131
1/12/2020,siang,102
1/12/2020,malam,135
1/13/2020,siang,141
1/13/2020,malam,148
1/14/2020,siang,139
1/14/2020,malam,146
1/15/2020,siang,129
1/15/2020,malam,141
1/16/2020,siang,140
1/16/2020,malam,151
1/17/2020,siang,135
1/17/2020,malam,144
1/18/2020,siang,135
1/18/2020,malam,148
1/19/2020,siang,111
1/19/2020,malam,150
1/20/2020,siang,146
1/20/2020,malam,156
1/21/2020,siang,146
1/21/2020,malam,157
1/22/2020,siang,150
1/22/2020,malam,150
1/23/2020,siang,146
1/23/2020,malam,141
1/24/2020,siang,140
1/24/2020,malam,151
1/25/2020,siang,136
1/25/2020,malam,137
1/26/2020,siang,113
1/26/2020,malam,139
1/27/2020,siang,146
1/27/2020,malam,107
1/28/2020,siang,150
1/28/2020,malam,165
1/29/2020,siang,155
1/29/2020,malam,160
1/30/2020,siang,138
1/30/2020,malam,141
1/31/2020,siang,132
1/31/2020,malam,NaN
2/1/2020,siang,138
2/1/2020,malam,125
2/2/2020,siang,105
2/2/2020,malam,131
2/3/2020,siang,135
2/3/2020,malam,130
2/4/2020,siang,120
2/4/2020,malam,136
2/5/2020,siang,132
2/5/2020,malam,141
2/6/2020,siang,130
2/6/2020,malam,144
2/7/2020,siang,126
2/7/2020,malam,136
2/8/2020,siang,126
2/8/2020,malam,127
2/9/2020,siang,98
2/9/2020,malam,121
2/10/2020,siang,120
2/10/2020,malam,138
2/11/2020,siang,135
2/11/2020,malam,140
2/12/2020,siang,138
2/12/2020,malam,143
2/13/2020,siang,139
2/13/2020,malam,141
2/14/2020,siang,140
2/14/2020,malam,139
2/15/2020,siang,140
2/15/2020,malam,140
2/16/2020,siang,107
2/16/2020,malam,137
2/17/2020,siang,138
2/17/2020,malam,133
2/18/2020,siang,215
2/18/2020,malam,141
2/19/2020,siang,133
2/19/2020,malam,131
2/20/2020,siang,131
2/20/2020,malam,130
2/21/2020,siang,127
2/21/2020,malam,122
2/22/2020,siang,135
2/22/2020,malam,126
2/23/2020,siang,108
2/23/2020,malam,142
2/24/2020,siang,138
2/24/2020,malam,150
2/25/2020,siang,140
2/25/2020,malam,150
2/26/2020,siang,221
2/26/2020,malam,150
2/27/2020,siang,131
2/27/2020,malam,140
2/28/2020,siang,129
2/28/2020,malam,130
2/29/2020,siang,131
2/29/2020,malam,133
3/1/2020,siang,110
3/1/2020,malam,136
3/2/2020,siang,112
3/2/2020,malam,129
3/3/2020,siang,112
3/3/2020,malam,125
3/4/2020,siang,122
3/4/2020,malam,121
3/5/2020,siang,114
3/5/2020,malam,123
3/6/2020,siang,120
3/6/2020,malam,130
3/7/2020,siang,114
3/7/2020,malam,116
3/8/2020,siang,91
3/8/2020,malam,118
3/9/2020,siang,123
3/9/2020,malam,145
3/10/2020,siang,133
3/10/2020,malam,144
3/11/2020,siang,125
3/11/2020,malam,136
3/12/2020,siang,125
3/12/2020,malam,138
3/13/2020,siang,120
3/13/2020,malam,136
3/14/2020,siang,126
3/14/2020,malam,127
3/15/2020,siang,106
3/15/2020,malam,126
3/16/2020,siang,129
3/16/2020,malam,137
3/17/2020,siang,144
3/17/2020,malam,145
3/18/2020,siang,141
3/18/2020,malam,142
3/19/2020,siang,147
3/19/2020,malam,142
3/20/2020,siang,135
3/20/2020,malam,136
3/21/2020,siang,136
3/21/2020,malam,141
3/22/2020,siang,111
3/22/2020,malam,150
3/23/2020,siang,145
3/23/2020,malam,150
3/24/2020,siang,127
3/24/2020,malam,149
3/25/2020,siang,130
3/25/2020,malam,145
3/26/2020,siang,134
3/26/2020,malam,141
3/27/2020,siang,138
3/27/2020,malam,140
3/28/2020,siang,121
3/28/2020,malam,132
3/29/2020,siang,95
3/29/2020,malam,127
3/30/2020,siang,124
3/30/2020,malam,131
3/31/2020,siang,124
3/31/2020,malam,135
4/1/2020,siang,130
4/1/2020,malam,145
4/2/2020,siang,125
4/2/2020,malam,132
4/3/2020,siang,110
4/3/2020,malam,130
4/4/2020,siang,106
4/4/2020,malam,129
4/5/2020,siang,96
4/5/2020,malam,131
4/6/2020,siang,126
4/6/2020,malam,140
4/7/2020,siang,125
4/7/2020,malam,132
4/8/2020,siang,127
4/8/2020,malam,135
4/9/2020,siang,118
4/9/2020,malam,140
4/10/2020,siang,118
4/10/2020,malam,27
4/11/2020,siang,117
4/11/2020,malam,126
4/12/2020,siang,94
4/12/2020,malam,138
4/13/2020,siang,134
4/13/2020,malam,131
4/14/2020,siang,124
4/14/2020,malam,150
4/15/2020,siang,130
4/15/2020,malam,144
4/16/2020,siang,137
4/16/2020,malam,138
4/17/2020,siang,133
4/17/2020,malam,141
4/18/2020,siang,140
4/18/2020,malam,132
4/19/2020,siang,105
4/19/2020,malam,133
4/20/2020,siang,133
4/20/2020,malam,150
4/21/2020,siang,135
4/21/2020,malam,149
4/22/2020,siang,135
4/22/2020,malam,142
4/23/2020,siang,125
4/23/2020,malam,134
4/24/2020,siang,97
4/24/2020,malam,127
4/25/2020,siang,101
4/25/2020,malam,128
4/26/2020,siang,96
4/26/2020,malam,136
4/27/2020,siang,125
4/27/2020,malam,165
4/28/2020,siang,121
4/28/2020,malam,148
4/29/2020,siang,122
4/29/2020,malam,141
4/30/2020,siang,116
4/30/2020,malam,126
5/1/2020,siang,112
5/1/2020,malam,132
5/2/2020,siang,114
5/2/2020,malam,134
5/3/2020,siang,92
5/3/2020,malam,140
5/4/2020,siang,120
5/4/2020,malam,152
5/5/2020,siang,128
5/5/2020,malam,150
5/6/2020,siang,132
5/6/2020,malam,137
5/7/2020,siang,122
5/7/2020,malam,144
5/8/2020,siang,127
5/8/2020,malam,145
5/9/2020,siang,128
5/9/2020,malam,150
5/10/2020,siang,105
5/10/2020,malam,149
5/11/2020,siang,128
5/11/2020,malam,150
5/12/2020,siang,125
5/12/2020,malam,146
5/13/2020,siang,124
5/13/2020,malam,148
5/14/2020,siang,130
5/14/2020,malam,149
5/15/2020,siang,123
5/15/2020,malam,148
5/16/2020,siang,130
5/16/2020,malam,141
5/17/2020,siang,101
5/17/2020,malam,14
5/18/2020,siang,122
5/18/2020,malam,140
5/19/2020,siang,111
5/19/2020,malam,127
5/20/2020,siang,101
5/20/2020,malam,127
5/21/2020,siang,82
5/21/2020,malam,142
5/22/2020,siang,85
5/22/2020,malam,121
5/23/2020,siang,78
5/23/2020,malam,115
5/24/2020,siang,77
5/24/2020,malam,114
5/25/2020,siang,80
5/25/2020,malam,116
5/26/2020,siang,87
5/26/2020,malam,115
5/27/2020,siang,90
5/27/2020,malam,119
5/28/2020,siang,NaN
5/28/2020,malam,NaN
5/29/2020,siang,NaN
5/29/2020,malam,NaN
5/30/2020,siang,NaN
5/30/2020,malam,NaN
5/31/2020,siang,NaN
5/31/2020,malam,NaN
6/1/2020,siang,98
6/1/2020,malam,125
6/2/2020,siang,117
6/2/2020,malam,131
6/3/2020,siang,125
6/3/2020,malam,141
6/4/2020,siang,130
6/4/2020,malam,149
6/5/2020,siang,125
6/5/2020,malam,141
6/6/2020,siang,127
6/6/2020,malam,142
6/7/2020,siang,94
6/7/2020,malam,140
6/8/2020,siang,124
6/8/2020,malam,141
6/9/2020,siang,134
6/9/2020,malam,138
6/10/2020,siang,131
6/10/2020,malam,143
6/11/2020,siang,132
6/11/2020,malam,145
6/12/2020,siang,129
6/12/2020,malam,145
6/13/2020,siang,128
6/13/2020,malam,140
6/14/2020,siang,102
6/14/2020,malam,137
6/15/2020,siang,135
6/15/2020,malam,131
6/16/2020,siang,135
6/16/2020,malam,148
6/17/2020,siang,142
6/17/2020,malam,146
6/18/2020,siang,135
6/18/2020,malam,148
6/19/2020,siang,131
6/19/2020,malam,145
6/20/2020,siang,128
6/20/2020,malam,139
6/21/2020,siang,102
6/21/2020,malam,130
6/22/2020,siang,114
6/22/2020,malam,125
6/23/2020,siang,219
6/23/2020,malam,141
6/24/2020,siang,125
6/24/2020,malam,140
6/25/2020,siang,131
6/25/2020,malam,136
6/26/2020,siang,127
6/26/2020,malam,138
6/27/2020,siang,127
6/27/2020,malam,135
6/28/2020,siang,101
6/28/2020,malam,131
6/29/2020,siang,131
6/29/2020,malam,141
6/30/2020,siang,119
6/30/2020,malam,142
7/1/2020,siang,127
7/1/2020,malam,135
7/2/2020,siang,124
7/2/2020,malam,130
7/3/2020,siang,117
7/3/2020,malam,127
7/4/2020,siang,121
7/4/2020,malam,135
7/5/2020,siang,96
7/5/2020,malam,132
7/6/2020,siang,123
7/6/2020,malam,128
7/7/2020,siang,119
7/7/2020,malam,135
7/8/2020,siang,95
7/8/2020,malam,136
7/9/2020,siang,94
7/9/2020,malam,140
7/10/2020,siang,124
7/10/2020,malam,135
7/11/2020,siang,128
7/11/2020,malam,132
7/12/2020,siang,91
7/12/2020,malam,130
7/13/2020,siang,140
7/13/2020,malam,150
7/14/2020,siang,135
7/14/2020,malam,140
7/15/2020,siang,136
7/15/2020,malam,146
7/16/2020,siang,127
7/16/2020,malam,146
7/17/2020,siang,133
7/17/2020,malam,150
7/18/2020,siang,135
7/18/2020,malam,141
7/19/2020,siang,98
7/19/2020,malam,142
7/20/2020,siang,135
7/20/2020,malam,147
7/21/2020,siang,135
7/21/2020,malam,150
7/22/2020,siang,137
7/22/2020,malam,144
7/23/2020,siang,133
7/23/2020,malam,145
7/24/2020,siang,93
7/24/2020,malam,143
7/25/2020,siang,91
7/25/2020,malam,140
7/26/2020,siang,90
7/26/2020,malam,127
7/27/2020,siang,124
7/27/2020,malam,132
7/28/2020,siang,133
7/28/2020,malam,136
7/29/2020,siang,125
7/29/2020,malam,NaN
7/30/2020,siang,NaN
7/30/2020,malam,NaN
7/31/2020,siang,NaN
7/31/2020,malam,NaN
8/1/2020,siang,96
8/1/2020,malam,120
8/2/2020,siang,87
8/2/2020,malam,115
8/3/2020,siang,126
8/3/2020,malam,132
8/4/2020,siang,125
8/4/2020,malam,137
8/5/2020,siang,127
8/5/2020,malam,134
8/6/2020,siang,132
8/6/2020,malam,145
8/7/2020,siang,122
8/7/2020,malam,140
8/8/2020,siang,126
8/8/2020,malam,136
8/9/2020,siang,90
8/9/2020,malam,127
8/10/2020,siang,133
8/10/2020,malam,130
8/11/2020,siang,130
8/11/2020,malam,147
8/12/2020,siang,145
8/12/2020,malam,140
8/13/2020,siang,140
8/13/2020,malam,151
8/14/2020,siang,136
8/14/2020,malam,150
8/15/2020,siang,96
8/15/2020,malam,144
8/16/2020,siang,88
8/16/2020,malam,121
8/17/2020,siang,87
8/17/2020,malam,128
8/18/2020,siang,135
8/18/2020,malam,147
8/19/2020,siang,135
8/19/2020,malam,145
8/20/2020,siang,149
8/20/2020,malam,144
8/21/2020,siang,135
8/21/2020,malam,142
8/22/2020,siang,136
8/22/2020,malam,144
8/23/2020,siang,94
8/23/2020,malam,130
8/24/2020,siang,135
8/24/2020,malam,39
8/25/2020,siang,143
8/25/2020,malam,151
8/26/2020,siang,140
8/26/2020,malam,150
8/27/2020,siang,133
8/27/2020,malam,146
8/28/2020,siang,98
8/28/2020,malam,143
8/29/2020,siang,142
8/29/2020,malam,144
8/30/2020,siang,94
8/30/2020,malam,132
8/31/2020,siang,126
8/31/2020,malam,138
9/1/2020,siang,130
9/1/2020,malam,150
9/2/2020,siang,138
9/2/2020,malam,147
9/3/2020,siang,134
9/3/2020,malam,148
9/4/2020,siang,130
9/4/2020,malam,150
9/5/2020,siang,134
9/5/2020,malam,148
9/6/2020,siang,93
9/6/2020,malam,132
9/7/2020,siang,135
9/7/2020,malam,131
9/8/2020,siang,133
9/8/2020,malam,148
9/9/2020,siang,141
9/9/2020,malam,140
9/10/2020,siang,136
9/10/2020,malam,147
9/11/2020,siang,132
9/11/2020,malam,136
9/12/2020,siang,136
9/12/2020,malam,144
9/13/2020,siang,108
9/13/2020,malam,139
9/14/2020,siang,130
9/14/2020,malam,147
9/15/2020,siang,135
9/15/2020,malam,135
9/16/2020,siang,127
9/16/2020,malam,144
9/17/2020,siang,126
9/17/2020,malam,152
9/18/2020,siang,140
9/18/2020,malam,155
9/19/2020,siang,140
9/19/2020,malam,152
9/20/2020,siang,113
9/20/2020,malam,143
9/21/2020,siang,145
9/21/2020,malam,148
9/22/2020,siang,152
9/22/2020,malam,146
9/23/2020,siang,150
9/23/2020,malam,160
9/24/2020,siang,148
9/24/2020,malam,151
9/25/2020,siang,144
9/25/2020,malam,156
9/26/2020,siang,0
9/26/2020,malam,150
9/27/2020,siang,115
9/27/2020,malam,148
9/28/2020,siang,148
9/28/2020,malam,152
9/29/2020,siang,146
9/29/2020,malam,140
9/30/2020,siang,144
9/30/2020,malam,148
10/1/2020,siang,142
10/1/2020,malam,160
10/2/2020,siang,140
10/2/2020,malam,150
10/3/2020,siang,147
10/3/2020,malam,150
10/4/2020,siang,116
10/4/2020,malam,146
10/5/2020,siang,139
10/5/2020,malam,156
10/6/2020,siang,146
10/6/2020,malam,151
10/7/2020,siang,145
10/7/2020,malam,150
10/8/2020,siang,143
10/8/2020,malam,155
10/9/2020,siang,150
10/9/2020,malam,156
10/10/2020,siang,151
10/10/2020,malam,151
10/11/2020,siang,118
10/11/2020,malam,151
10/12/2020,siang,147
10/12/2020,malam,154
10/13/2020,siang,142
10/13/2020,malam,155
10/14/2020,siang,148
10/14/2020,malam,146
10/15/2020,siang,151
10/15/2020,malam,156
10/16/2020,siang,133
10/16/2020,malam,151
10/17/2020,siang,152
10/17/2020,malam,156
10/18/2020,siang,112
10/18/2020,malam,130
10/19/2020,siang,143
10/19/2020,malam,139
10/20/2020,siang,148
10/20/2020,malam,151
10/21/2020,siang,155
10/21/2020,malam,155
10/22/2020,siang,147
10/22/2020,malam,150
10/23/2020,siang,140
10/23/2020,malam,119
10/24/2020,siang,144
10/24/2020,malam,141
10/25/2020,siang,114
10/25/2020,malam,150
10/26/2020,siang,150
10/26/2020,malam,154
10/27/2020,siang,151
10/27/2020,malam,150
10/28/2020,siang,147
10/28/2020,malam,150
10/29/2020,siang,125
10/29/2020,malam,152
10/30/2020,siang,135
10/30/2020,malam,NaN
10/31/2020,siang,NaN
10/31/2020,malam,NaN
11/1/2020,siang,102
11/1/2020,malam,137
11/2/2020,siang,132
11/2/2020,malam,152
11/3/2020,siang,143
11/3/2020,malam,151
11/4/2020,siang,148
11/4/2020,malam,156
11/5/2020,siang,151
11/5/2020,malam,153
11/6/2020,siang,146
11/6/2020,malam,160
11/7/2020,siang,150
11/7/2020,malam,147
11/8/2020,siang,116
11/8/2020,malam,148
11/9/2020,siang,144
11/9/2020,malam,159
11/10/2020,siang,134
11/10/2020,malam,150
11/11/2020,siang,154
11/11/2020,malam,153
11/12/2020,siang,157
11/12/2020,malam,152
11/13/2020,siang,141
11/13/2020,malam,161
11/14/2020,siang,150
11/14/2020,malam,146
11/15/2020,siang,120
11/15/2020,malam,150
11/16/2020,siang,152
11/16/2020,malam,166
11/17/2020,siang,159
11/17/2020,malam,163
11/18/2020,siang,153
11/18/2020,malam,166
11/19/2020,siang,160
11/19/2020,malam,166
11/20/2020,siang,150
11/20/2020,malam,151
11/21/2020,siang,154
11/21/2020,malam,152
11/22/2020,siang,117
11/22/2020,malam,140
11/23/2020,siang,143
11/23/2020,malam,145
11/24/2020,siang,151
11/24/2020,malam,152
11/25/2020,siang,155
11/25/2020,malam,150
11/26/2020,siang,150
11/26/2020,malam,145
11/27/2020,siang,140
11/27/2020,malam,153
11/28/2020,siang,42
11/28/2020,malam,143
11/29/2020,siang,120
11/29/2020,malam,132
11/30/2020,siang,NaN
11/30/2020,malam,NaN
12/1/2020,siang,140
12/1/2020,malam,139
12/2/2020,siang,150
12/2/2020,malam,142
12/3/2020,siang,151
12/3/2020,malam,152
12/4/2020,siang,144
12/4/2020,malam,158
12/5/2020,siang,150
12/5/2020,malam,126
12/6/2020,siang,110
12/6/2020,malam,141
12/7/2020,siang,140
12/7/2020,malam,141
12/8/2020,siang,143
12/8/2020,malam,151
12/9/2020,siang,138
12/9/2020,malam,139
12/10/2020,siang,135
12/10/2020,malam,142
12/11/2020,siang,132
12/11/2020,malam,133
12/12/2020,siang,129
12/12/2020,malam,125
12/13/2020,siang,92
12/13/2020,malam,130
12/14/2020,siang,42
12/14/2020,malam,144
12/15/2020,siang,144
12/15/2020,malam,144
12/16/2020,siang,230
12/16/2020,malam,148
12/17/2020,siang,151
12/17/2020,malam,151
12/18/2020,siang,144
12/18/2020,malam,144
12/19/2020,siang,142
12/19/2020,malam,121
12/20/2020,siang,143
12/20/2020,malam,147
12/21/2020,siang,148
12/21/2020,malam,152
12/22/2020,siang,142
12/22/2020,malam,147
12/23/2020,siang,146
12/23/2020,malam,155
12/24/2020,siang,143
12/24/2020,malam,150
12/25/2020,siang,132
12/25/2020,malam,147
12/26/2020,siang,137
12/26/2020,malam,145
12/27/2020,siang,110
12/27/2020,malam,146
12/28/2020,siang,150
12/28/2020,malam,152
12/29/2020,siang,142
12/29/2020,malam,140
12/30/2020,siang,NaN
12/30/2020,malam,NaN
12/31/2020,siang,NaN
12/31/2020,malam,NaN
1/1/2021,siang,85
1/1/2021,malam,118
1/2/2021,siang,100
1/2/2021,malam,130
1/3/2021,siang,99
1/3/2021,malam,136
1/4/2021,siang,125
1/4/2021,malam,141
1/5/2021,siang,134
1/5/2021,malam,141
1/6/2021,siang,140
1/6/2021,malam,120
1/7/2021,siang,120
1/7/2021,malam,131
1/8/2021,siang,131
1/8/2021,malam,133
1/9/2021,siang,125
1/9/2021,malam,123
1/10/2021,siang,94
1/10/2021,malam,127
1/11/2021,siang,127
1/11/2021,malam,135
1/12/2021,siang,134
1/12/2021,malam,138
1/13/2021,siang,131
1/13/2021,malam,130
1/14/2021,siang,136
1/14/2021,malam,130
1/15/2021,siang,129
1/15/2021,malam,135
1/16/2021,siang,129
1/16/2021,malam,131
1/17/2021,siang,95
1/17/2021,malam,124
1/18/2021,siang,125
1/18/2021,malam,130
1/19/2021,siang,128
1/19/2021,malam,132
1/20/2021,siang,130
1/20/2021,malam,131
1/21/2021,siang,127
1/21/2021,malam,138
1/22/2021,siang,126
1/22/2021,malam,123
1/23/2021,siang,120
1/23/2021,malam,131
1/24/2021,siang,100
1/24/2021,malam,130
1/25/2021,siang,99
1/25/2021,malam,136
1/26/2021,siang,129
1/26/2021,malam,131
1/27/2021,siang,95
1/27/2021,malam,124
1/28/2021,siang,100
1/28/2021,malam,130
1/29/2021,siang,99
1/29/2021,malam,136
1/30/2021,siang,130
1/30/2021,malam,131
1/31/2021,siang,127
1/31/2021,malam,138
2/1/2021,siang,122
2/1/2021,malam,142
2/2/2021,siang,130
2/2/2021,malam,140
2/3/2021,siang,124
2/3/2021,malam,139
2/4/2021,siang,125
2/4/2021,malam,135
2/5/2021,siang,126
2/5/2021,malam,135
2/6/2021,siang,125
2/6/2021,malam,123
2/7/2021,siang,93
2/7/2021,malam,125
2/8/2021,siang,124
2/8/2021,malam,127
2/9/2021,siang,114
2/9/2021,malam,130
2/10/2021,siang,107
2/10/2021,malam,126
2/11/2021,siang,120
2/11/2021,malam,120
2/12/2021,siang,109
2/12/2021,malam,125
2/13/2021,siang,122
2/13/2021,malam,133
2/14/2021,siang,99
2/14/2021,malam,130
2/15/2021,siang,124
2/15/2021,malam,139
2/16/2021,siang,131
2/16/2021,malam,138
2/17/2021,siang,131
2/17/2021,malam,131
2/18/2021,siang,124
2/18/2021,malam,138
2/19/2021,siang,120
2/19/2021,malam,131
2/20/2021,siang,125
2/20/2021,malam,121
2/21/2021,siang,97
2/21/2021,malam,125
2/22/2021,siang,124
2/22/2021,malam,134
2/23/2021,siang,124
2/23/2021,malam,123
2/24/2021,siang,122
2/24/2021,malam,123
2/25/2021,siang,120
2/25/2021,malam,119
2/26/2021,siang,102
2/26/2021,malam,121
2/27/2021,siang,101
2/27/2021,malam,121
2/28/2021,siang,92
2/28/2021,malam,130
3/1/2021,siang,123
3/1/2021,malam,132
3/2/2021,siang,125
3/2/2021,malam,123
3/3/2021,siang,117
3/3/2021,malam,127
3/4/2021,siang,114
3/4/2021,malam,131
3/5/2021,siang,117
3/5/2021,malam,135
3/6/2021,siang,126
3/6/2021,malam,121
3/7/2021,siang,95
3/7/2021,malam,122
3/8/2021,siang,121
3/8/2021,malam,130
3/9/2021,siang,116
3/9/2021,malam,131
3/10/2021,siang,124
3/10/2021,malam,121
3/11/2021,siang,111
3/11/2021,malam,130
3/12/2021,siang,122
3/12/2021,malam,128
3/13/2021,siang,127
3/13/2021,malam,121
3/14/2021,siang,95
3/14/2021,malam,118
3/15/2021,siang,118
3/15/2021,malam,131
3/16/2021,siang,133
3/16/2021,malam,137
3/17/2021,siang,216
3/17/2021,malam,138
3/18/2021,siang,132
3/18/2021,malam,135
3/19/2021,siang,125
3/19/2021,malam,140
3/20/2021,siang,122
3/20/2021,malam,127
3/21/2021,siang,101
3/21/2021,malam,132
3/22/2021,siang,124
3/22/2021,malam,124
3/23/2021,siang,140
3/23/2021,malam,144
3/24/2021,siang,127
3/24/2021,malam,141
3/25/2021,siang,134
3/25/2021,malam,132
3/26/2021,siang,131
3/26/2021,malam,140
3/27/2021,siang,124
3/27/2021,malam,121
3/28/2021,siang,100
3/28/2021,malam,126
3/29/2021,siang,117
3/29/2021,malam,128
3/30/2021,siang,128
3/30/2021,malam,130
3/31/2021,siang,130
3/31/2021,malam,131
4/1/2021,siang,130
4/1/2021,malam,125
4/2/2021,siang,122
4/2/2021,malam,141
4/3/2021,siang,132
4/3/2021,malam,135
4/4/2021,siang,105
4/4/2021,malam,130
4/5/2021,siang,118
4/5/2021,malam,138
4/6/2021,siang,120
4/6/2021,malam,138
4/7/2021,siang,119
4/7/2021,malam,135
4/8/2021,siang,124
4/8/2021,malam,122
4/9/2021,siang,115
4/9/2021,malam,136
4/10/2021,siang,124
4/10/2021,malam,133
4/11/2021,siang,101
4/11/2021,malam,131
4/12/2021,siang,103
4/12/2021,malam,122
4/13/2021,siang,97
4/13/2021,malam,118
4/14/2021,siang,128
4/14/2021,malam,136
4/15/2021,siang,120
4/15/2021,malam,130
4/16/2021,siang,117
4/16/2021,malam,143
4/17/2021,siang,122
4/17/2021,malam,139
4/18/2021,siang,87
4/18/2021,malam,128
4/19/2021,siang,122
4/19/2021,malam,129
4/20/2021,siang,126
4/20/2021,malam,137
4/21/2021,siang,121
4/21/2021,malam,135
4/22/2021,siang,125
4/22/2021,malam,141
4/23/2021,siang,121
4/23/2021,malam,141
4/24/2021,siang,118
4/24/2021,malam,139
4/25/2021,siang,91
4/25/2021,malam,131
4/26/2021,siang,119
4/26/2021,malam,209
4/27/2021,siang,176
4/27/2021,malam,212
4/28/2021,siang,161
4/28/2021,malam,185
4/29/2021,siang,152
4/29/2021,malam,202
4/30/2021,siang,161
4/30/2021,malam,197
5/1/2021,siang,128
5/1/2021,malam,186
5/2/2021,siang,120
5/2/2021,malam,189
5/3/2021,siang,161
5/3/2021,malam,215
5/4/2021,siang,168
5/4/2021,malam,210
5/5/2021,siang,171
5/5/2021,malam,210
5/6/2021,siang,173
5/6/2021,malam,200
5/7/2021,siang,167
5/7/2021,malam,203
5/8/2021,siang,160
5/8/2021,malam,195
5/9/2021,siang,138
5/9/2021,malam,204
5/10/2021,siang,148
5/10/2021,malam,190
5/11/2021,siang,136
5/11/2021,malam,185
5/12/2021,siang,124
5/12/2021,malam,178
5/13/2021,siang,112
5/13/2021,malam,165
5/14/2021,siang,117
5/14/2021,malam,161
5/15/2021,siang,120
5/15/2021,malam,171
5/16/2021,siang,126
5/16/2021,malam,179
5/17/2021,siang,128
5/17/2021,malam,177
5/18/2021,siang,127
5/18/2021,malam,181
5/19/2021,siang,133
5/19/2021,malam,181
5/20/2021,siang,131
5/20/2021,malam,180
5/21/2021,siang,140
5/21/2021,malam,185
5/22/2021,siang,139
5/22/2021,malam,180
5/23/2021,siang,133
5/23/2021,malam,183
5/24/2021,siang,173
5/24/2021,malam,204
5/25/2021,siang,176
5/25/2021,malam,205
5/26/2021,siang,169
5/26/2021,malam,201
5/27/2021,siang,175
5/27/2021,malam,210
5/28/2021,siang,174
5/28/2021,malam,205
5/29/2021,siang,170
5/29/2021,malam,194
5/30/2021,siang,138
5/30/2021,malam,201
5/31/2021,siang,170
5/31/2021,malam,203
6/1/2021,siang,161
6/1/2021,malam,204
6/2/2021,siang,170
6/2/2021,malam,110
6/3/2021,siang,170
6/3/2021,malam,201
6/4/2021,siang,172
6/4/2021,malam,215
6/5/2021,siang,174
6/5/2021,malam,193
6/6/2021,siang,142
6/6/2021,malam,205
6/7/2021,siang,168
6/7/2021,malam,201
6/8/2021,siang,152
6/8/2021,malam,202
6/9/2021,siang,181
6/9/2021,malam,215
6/10/2021,siang,180
6/10/2021,malam,202
6/11/2021,siang,173
6/11/2021,malam,209
6/12/2021,siang,173
6/12/2021,malam,196
6/13/2021,siang,139
6/13/2021,malam,200
6/14/2021,siang,168
6/14/2021,malam,209
6/15/2021,siang,180
6/15/2021,malam,205
6/16/2021,siang,173
6/16/2021,malam,203
6/17/2021,siang,173
6/17/2021,malam,206
6/18/2021,siang,177
6/18/2021,malam,204
6/19/2021,siang,177
6/19/2021,malam,193
6/20/2021,siang,134
6/20/2021,malam,206
6/21/2021,siang,124
6/21/2021,malam,134
6/22/2021,siang,130
6/22/2021,malam,138
6/23/2021,siang,134
6/23/2021,malam,136
6/24/2021,siang,128
6/24/2021,malam,139
6/25/2021,siang,132
6/25/2021,malam,134
6/26/2021,siang,135
6/26/2021,malam,135
6/27/2021,siang,96
6/27/2021,malam,129
6/28/2021,siang,130
6/28/2021,malam,131
6/29/2021,siang,131
6/29/2021,malam,144
6/30/2021,siang,NaN
6/30/2021,malam,NaN
7/1/2021,siang,134
7/1/2021,malam,139
7/2/2021,siang,130
7/2/2021,malam,140
7/3/2021,siang,125
7/3/2021,malam,132
7/4/2021,siang,95
7/4/2021,malam,135
7/5/2021,siang,129
7/5/2021,malam,135
7/6/2021,siang,122
7/6/2021,malam,135
7/7/2021,siang,120
7/7/2021,malam,126
7/8/2021,siang,130
7/8/2021,malam,125
7/9/2021,siang,124
7/9/2021,malam,136
7/10/2021,siang,130
7/10/2021,malam,133
7/11/2021,siang,99
7/11/2021,malam,133
7/12/2021,siang,125
7/12/2021,malam,140
7/13/2021,siang,128
7/13/2021,malam,132
7/14/2021,siang,176
7/14/2021,malam,135
7/15/2021,siang,119
7/15/2021,malam,127
7/16/2021,siang,120
7/16/2021,malam,127
7/17/2021,siang,122
7/17/2021,malam,119
7/18/2021,siang,91
7/18/2021,malam,115
7/19/2021,siang,92
7/19/2021,malam,108
7/20/2021,siang,74
7/20/2021,malam,112
7/21/2021,siang,92
7/21/2021,malam,113
7/22/2021,siang,100
7/22/2021,malam,114
7/23/2021,siang,100
7/23/2021,malam,112
7/24/2021,siang,101
7/24/2021,malam,121
7/25/2021,siang,91
7/25/2021,malam,120
7/26/2021,siang,116
7/26/2021,malam,119
7/27/2021,siang,120
7/27/2021,malam,119
7/28/2021,siang,117
7/28/2021,malam,NaN
7/29/2021,siang,NaN
7/29/2021,malam,NaN
7/30/2021,siang,NaN
7/30/2021,malam,NaN
7/31/2021,siang,NaN
7/31/2021,malam,NaN
8/1/2021,siang,95
8/1/2021,malam,127
8/2/2021,siang,128
8/2/2021,malam,136
8/3/2021,siang,127
8/3/2021,malam,131
8/4/2021,siang,125
8/4/2021,malam,136
8/5/2021,siang,125
8/5/2021,malam,134
8/6/2021,siang,116
8/6/2021,malam,134
8/7/2021,siang,0
8/7/2021,malam,130
8/8/2021,siang,100
8/8/2021,malam,130
8/9/2021,siang,120
8/9/2021,malam,136
8/10/2021,siang,113
8/10/2021,malam,135
8/11/2021,siang,129
8/11/2021,malam,130
8/12/2021,siang,121
8/12/2021,malam,134
8/13/2021,siang,127
8/13/2021,malam,135
8/14/2021,siang,123
8/14/2021,malam,121
8/15/2021,siang,109
8/15/2021,malam,120
8/16/2021,siang,117
8/16/2021,malam,113
8/17/2021,siang,84
8/17/2021,malam,113
8/18/2021,siang,121
8/18/2021,malam,120
8/19/2021,siang,123
8/19/2021,malam,130
8/20/2021,siang,125
8/20/2021,malam,133
8/21/2021,siang,130
8/21/2021,malam,139
8/22/2021,siang,95
8/22/2021,malam,122
8/23/2021,siang,127
8/23/2021,malam,136
8/24/2021,siang,124
8/24/2021,malam,127
8/25/2021,siang,126
8/25/2021,malam,132
8/26/2021,siang,127
8/26/2021,malam,131
8/27/2021,siang,128
8/27/2021,malam,132
8/28/2021,siang,105
8/28/2021,malam,122
8/29/2021,siang,93
8/29/2021,malam,132
8/30/2021,siang,125
8/30/2021,malam,135
8/31/2021,siang,124
8/31/2021,malam,135
9/1/2021,siang,136
9/1/2021,malam,137
9/2/2021,siang,128
9/2/2021,malam,133
9/3/2021,siang,122
9/3/2021,malam,140
9/4/2021,siang,166
9/4/2021,malam,130
9/5/2021,siang,100
9/5/2021,malam,131
9/6/2021,siang,136
9/6/2021,malam,140
9/7/2021,siang,137
9/7/2021,malam,128
9/8/2021,siang,126
9/8/2021,malam,139
9/9/2021,siang,121
9/9/2021,malam,137
9/10/2021,siang,122
9/10/2021,malam,134
9/11/2021,siang,130
9/11/2021,malam,129
9/12/2021,siang,101
9/12/2021,malam,127
9/13/2021,siang,124
9/13/2021,malam,134
9/14/2021,siang,130
9/14/2021,malam,122
9/15/2021,siang,130
9/15/2021,malam,136
9/16/2021,siang,137
9/16/2021,malam,137
9/17/2021,siang,130
9/17/2021,malam,131
9/18/2021,siang,122
9/18/2021,malam,138
9/19/2021,siang,100
9/19/2021,malam,125
9/20/2021,siang,122
9/20/2021,malam,122
9/21/2021,siang,130
9/21/2021,malam,124
9/22/2021,siang,131
9/22/2021,malam,142
9/23/2021,siang,125
9/23/2021,malam,132
9/24/2021,siang,120
9/24/2021,malam,136
9/25/2021,siang,122
9/25/2021,malam,128
9/26/2021,siang,100
9/26/2021,malam,130
9/27/2021,siang,131
9/27/2021,malam,129
9/28/2021,siang,124
9/28/2021,malam,134
9/29/2021,siang,123
9/29/2021,malam,141
9/30/2021,siang,132
9/30/2021,malam,156
10/1/2021,siang,120
10/1/2021,malam,136
10/2/2021,siang,122
10/2/2021,malam,128
10/3/2021,siang,100
10/3/2021,malam,124
10/4/2021,siang,117
10/4/2021,malam,130
10/5/2021,siang,135
10/5/2021,malam,138
10/6/2021,siang,129
10/6/2021,malam,128
10/7/2021,siang,135
10/7/2021,malam,138
10/8/2021,siang,120
10/8/2021,malam,130
10/9/2021,siang,0
10/9/2021,malam,131
10/10/2021,siang,94
10/10/2021,malam,132
10/11/2021,siang,131
10/11/2021,malam,142
10/12/2021,siang,135
10/12/2021,malam,142
10/13/2021,siang,143
10/13/2021,malam,134
10/14/2021,siang,124
10/14/2021,malam,143
10/15/2021,siang,140
10/15/2021,malam,147
10/16/2021,siang,127
10/16/2021,malam,132
10/17/2021,siang,102
10/17/2021,malam,133
10/18/2021,siang,137
10/18/2021,malam,135
10/19/2021,siang,124
10/19/2021,malam,139
10/20/2021,siang,131
10/20/2021,malam,141
10/21/2021,siang,139
10/21/2021,malam,141
10/22/2021,siang,134
10/22/2021,malam,145
10/23/2021,siang,142
10/23/2021,malam,140
10/24/2021,siang,113
10/24/2021,malam,142
10/25/2021,siang,147
10/25/2021,malam,144
10/26/2021,siang,140
10/26/2021,malam,143
10/27/2021,siang,145
10/27/2021,malam,147
10/28/2021,siang,150
10/28/2021,malam,135
10/29/2021,siang,144
10/29/2021,malam,145
10/30/2021,siang,131
10/30/2021,malam,125
10/31/2021,siang,100
10/31/2021,malam,132
11/1/2021,siang,142
11/1/2021,malam,148
11/2/2021,siang,130
11/2/2021,malam,145
11/3/2021,siang,137
11/3/2021,malam,150
11/4/2021,siang,143
11/4/2021,malam,132
11/5/2021,siang,128
11/5/2021,malam,139
11/6/2021,siang,131
11/6/2021,malam,131
11/7/2021,siang,105
11/7/2021,malam,132
11/8/2021,siang,140
11/8/2021,malam,143
11/9/2021,siang,143
11/9/2021,malam,135
11/10/2021,siang,139
11/10/2021,malam,140
11/11/2021,siang,133
11/11/2021,malam,134
11/12/2021,siang,134
11/12/2021,malam,133
11/13/2021,siang,129
11/13/2021,malam,131
11/14/2021,siang,99
11/14/2021,malam,134
11/15/2021,siang,121
11/15/2021,malam,135
11/16/2021,siang,115
11/16/2021,malam,124
11/17/2021,siang,122
11/17/2021,malam,127
11/18/2021,siang,122
11/18/2021,malam,127
11/19/2021,siang,105
11/19/2021,malam,132
11/20/2021,siang,125
11/20/2021,malam,130
11/21/2021,siang,111
11/21/2021,malam,127
11/22/2021,siang,137
11/22/2021,malam,151
11/23/2021,siang,139
11/23/2021,malam,42
11/24/2021,siang,136
11/24/2021,malam,133
11/25/2021,siang,134
11/25/2021,malam,134
11/26/2021,siang,131
11/26/2021,malam,135
11/27/2021,siang,133
11/27/2021,malam,124
11/28/2021,siang,100
11/28/2021,malam,134
11/29/2021,siang,132
11/29/2021,malam,132
11/30/2021,siang,136
11/30/2021,malam,124
12/1/2021,siang,129
12/1/2021,malam,194
12/2/2021,siang,170
12/2/2021,malam,202
12/3/2021,siang,171
12/3/2021,malam,200
12/4/2021,siang,133
12/4/2021,malam,127
12/5/2021,siang,101
12/5/2021,malam,133
12/6/2021,siang,134
12/6/2021,malam,136
12/7/2021,siang,141
12/7/2021,malam,145
12/8/2021,siang,143
12/8/2021,malam,136
12/9/2021,siang,142
12/9/2021,malam,145
12/10/2021,siang,134
12/10/2021,malam,144
12/11/2021,siang,144
12/11/2021,malam,135
12/12/2021,siang,110
12/12/2021,malam,138
12/13/2021,siang,140
12/13/2021,malam,144
12/14/2021,siang,146
12/14/2021,malam,150
12/15/2021,siang,137
12/15/2021,malam,145
12/16/2021,siang,138
12/16/2021,malam,148
12/17/2021,siang,128
12/17/2021,malam,142
12/18/2021,siang,133
12/18/2021,malam,130
12/19/2021,siang,98
12/19/2021,malam,130
12/20/2021,siang,137
12/20/2021,malam,142
12/21/2021,siang,136
12/21/2021,malam,128
12/22/2021,siang,121
12/22/2021,malam,131
12/23/2021,siang,126
12/23/2021,malam,130
12/24/2021,siang,127
12/24/2021,malam,141
12/25/2021,siang,177
12/25/2021,malam,141
12/26/2021,siang,110
12/26/2021,malam,133
12/27/2021,siang,139
12/27/2021,malam,139
12/28/2021,siang,137
12/28/2021,malam,147
12/29/2021,siang,142
12/29/2021,malam,142
12/30/2021,siang,138
12/30/2021,malam,147
12/31/2021,siang,110
12/31/2021,malam,123
1/1/2022,siang,76
1/1/2022,malam,102
1/2/2022,siang,88
1/2/2022,malam,125
1/3/2022,siang,126
1/3/2022,malam,142
1/4/2022,siang,131
1/4/2022,malam,140
1/5/2022,siang,129
1/5/2022,malam,140
1/6/2022,siang,134
1/6/2022,malam,141
1/7/2022,siang,135
1/7/2022,malam,133
1/8/2022,siang,136
1/8/2022,malam,142
1/9/2022,siang,87
1/9/2022,malam,125
1/10/2022,siang,135
1/10/2022,malam,142
1/11/2022,siang,137
1/11/2022,malam,132
1/12/2022,siang,130
1/12/2022,malam,127
1/13/2022,siang,88
1/13/2022,malam,140
1/14/2022,siang,134
1/14/2022,malam,150
1/15/2022,siang,140
1/15/2022,malam,134
1/16/2022,siang,101
1/16/2022,malam,120
1/17/2022,siang,135
1/17/2022,malam,133
1/18/2022,siang,135
1/18/2022,malam,131
1/19/2022,siang,130
1/19/2022,malam,127
1/20/2022,siang,126
1/20/2022,malam,127
1/21/2022,siang,122
1/21/2022,malam,140
1/22/2022,siang,223
1/22/2022,malam,130
1/23/2022,siang,101
1/23/2022,malam,132
1/24/2022,siang,128
1/24/2022,malam,155
1/25/2022,siang,235
1/25/2022,malam,148
1/26/2022,siang,242
1/26/2022,malam,150
1/27/2022,siang,152
1/27/2022,malam,160
1/28/2022,siang,150
1/28/2022,malam,159
1/29/2022,siang,134
1/29/2022,malam,153
1/30/2022,siang,115
1/30/2022,malam,141
1/31/2022,siang,148
1/31/2022,malam,NaN
2/1/2022,siang,121
2/1/2022,malam,118
2/2/2022,siang,125
2/2/2022,malam,129
2/3/2022,siang,125
2/3/2022,malam,134
2/4/2022,siang,118
2/4/2022,malam,123
2/5/2022,siang,129
2/5/2022,malam,140
2/6/2022,siang,95
2/6/2022,malam,122
2/7/2022,siang,140
2/7/2022,malam,142
2/8/2022,siang,138
2/8/2022,malam,143
2/9/2022,siang,130
2/9/2022,malam,142
2/10/2022,siang,134
2/10/2022,malam,128
2/11/2022,siang,122
2/11/2022,malam,123
2/12/2022,siang,135
2/12/2022,malam,136
2/13/2022,siang,115
2/13/2022,malam,147
2/14/2022,siang,139
2/14/2022,malam,156
2/15/2022,siang,125
2/15/2022,malam,146
2/16/2022,siang,150
2/16/2022,malam,161
2/17/2022,siang,145
2/17/2022,malam,158
2/18/2022,siang,140
2/18/2022,malam,155
2/19/2022,siang,152
2/19/2022,malam,146
2/20/2022,siang,123
2/20/2022,malam,147
2/21/2022,siang,152
2/21/2022,malam,146
2/22/2022,siang,149
2/22/2022,malam,150
2/23/2022,siang,150
2/23/2022,malam,160
2/24/2022,siang,140
2/24/2022,malam,147
2/25/2022,siang,141
2/25/2022,malam,152
2/26/2022,siang,146
2/26/2022,malam,135
2/27/2022,siang,108
2/27/2022,malam,140
2/28/2022,siang,128
2/28/2022,malam,148
3/1/2022,siang,149
3/1/2022,malam,150
3/2/2022,siang,151
3/2/2022,malam,155
3/3/2022,siang,136
3/3/2022,malam,153
3/4/2022,siang,141
3/4/2022,malam,159
3/5/2022,siang,150
3/5/2022,malam,141
3/6/2022,siang,121
3/6/2022,malam,151
3/7/2022,siang,155
3/7/2022,malam,155
3/8/2022,siang,152
3/8/2022,malam,153
3/9/2022,siang,139
3/9/2022,malam,143
3/10/2022,siang,146
3/10/2022,malam,156
3/11/2022,siang,133
3/11/2022,malam,158
3/12/2022,siang,153
3/12/2022,malam,141
3/13/2022,siang,119
3/13/2022,malam,145
3/14/2022,siang,151
3/14/2022,malam,156
3/15/2022,siang,156
3/15/2022,malam,161
3/16/2022,siang,155
3/16/2022,malam,154
3/17/2022,siang,160
3/17/2022,malam,153
3/18/2022,siang,152
3/18/2022,malam,156
3/19/2022,siang,164
3/19/2022,malam,143
3/20/2022,siang,126
3/20/2022,malam,140
3/21/2022,siang,158
3/21/2022,malam,163
3/22/2022,siang,151
3/22/2022,malam,156
3/23/2022,siang,150
3/23/2022,malam,144
3/24/2022,siang,154
3/24/2022,malam,160
3/25/2022,siang,142
3/25/2022,malam,162
3/26/2022,siang,152
3/26/2022,malam,136
3/27/2022,siang,113
3/27/2022,malam,141
3/28/2022,siang,148
3/28/2022,malam,146
3/29/2022,siang,133
3/29/2022,malam,0
3/30/2022,siang,131
3/30/2022,malam,137
3/31/2022,siang,127
3/31/2022,malam,125
4/1/2022,siang,105
4/1/2022,malam,119
4/2/2022,siang,103
4/2/2022,malam,126
4/3/2022,siang,90
4/3/2022,malam,118
4/4/2022,siang,122
4/4/2022,malam,142
4/5/2022,siang,220
4/5/2022,malam,141
4/6/2022,siang,145
4/6/2022,malam,158
4/7/2022,siang,145
4/7/2022,malam,156
4/8/2022,siang,135
4/8/2022,malam,158
4/9/2022,siang,142
4/9/2022,malam,148
4/10/2022,siang,114
4/10/2022,malam,148
4/11/2022,siang,153
4/11/2022,malam,149
4/12/2022,siang,156
4/12/2022,malam,160
4/13/2022,siang,155
4/13/2022,malam,153
4/14/2022,siang,147
4/14/2022,malam,161
4/15/2022,siang,140
4/15/2022,malam,142
4/16/2022,siang,154
4/16/2022,malam,142
4/17/2022,siang,118
4/17/2022,malam,156
4/18/2022,siang,148
4/18/2022,malam,161
4/19/2022,siang,142
4/19/2022,malam,156
4/20/2022,siang,136
4/20/2022,malam,157
4/21/2022,siang,140
4/21/2022,malam,150
4/22/2022,siang,137
4/22/2022,malam,155
4/23/2022,siang,140
4/23/2022,malam,140
4/24/2022,siang,109
4/24/2022,malam,144
4/25/2022,siang,145
4/25/2022,malam,144
4/26/2022,siang,133
4/26/2022,malam,150
4/27/2022,siang,136
4/27/2022,malam,158
4/28/2022,siang,158
4/28/2022,malam,150
4/29/2022,siang,118
4/29/2022,malam,134
4/30/2022,siang,110
4/30/2022,malam,132
5/1/2022,siang,87
5/1/2022,malam,122
5/2/2022,siang,145
5/2/2022,malam,99
5/3/2022,siang,79
5/3/2022,malam,108
5/4/2022,siang,87
5/4/2022,malam,106
5/5/2022,siang,85
5/5/2022,malam,105
5/6/2022,siang,86
5/6/2022,malam,109
5/7/2022,siang,93
5/7/2022,malam,129
5/8/2022,siang,103
5/8/2022,malam,125
5/9/2022,siang,112
5/9/2022,malam,142
5/10/2022,siang,1422
5/10/2022,malam,146
5/11/2022,siang,127
5/11/2022,malam,145
5/12/2022,siang,128
5/12/2022,malam,150
5/13/2022,siang,122
5/13/2022,malam,150
5/14/2022,siang,86
5/14/2022,malam,135
5/15/2022,siang,104
5/15/2022,malam,130
5/16/2022,siang,119
5/16/2022,malam,128
5/17/2022,siang,141
5/17/2022,malam,142
5/18/2022,siang,135
5/18/2022,malam,147
5/19/2022,siang,137
5/19/2022,malam,150
5/20/2022,siang,136
5/20/2022,malam,146
5/21/2022,siang,127
5/21/2022,malam,135
5/22/2022,siang,110
5/22/2022,malam,137
5/23/2022,siang,138
5/23/2022,malam,128
5/24/2022,siang,130
5/24/2022,malam,150
5/25/2022,siang,136
5/25/2022,malam,148
5/26/2022,siang,139
5/26/2022,malam,129
5/27/2022,siang,124
5/27/2022,malam,136
5/28/2022,siang,137
5/28/2022,malam,131
5/29/2022,siang,111
5/29/2022,malam,136
5/30/2022,siang,138
5/30/2022,malam,142
5/31/2022,siang,145
5/31/2022,malam,148
6/1/2022,siang,133
6/1/2022,malam,150
6/2/2022,siang,134
6/2/2022,malam,143
6/3/2022,siang,132
6/3/2022,malam,142
6/4/2022,siang,141
6/4/2022,malam,133
6/5/2022,siang,111
6/5/2022,malam,143
6/6/2022,siang,190
6/6/2022,malam,142
6/7/2022,siang,152
6/7/2022,malam,160
6/8/2022,siang,145
6/8/2022,malam,156
6/9/2022,siang,251
6/9/2022,malam,151
6/10/2022,siang,143
6/10/2022,malam,143
6/11/2022,siang,151
6/11/2022,malam,145
6/12/2022,siang,122
6/12/2022,malam,155
6/13/2022,siang,154
6/13/2022,malam,146
6/14/2022,siang,140
6/14/2022,malam,143
6/15/2022,siang,134
6/15/2022,malam,145
6/16/2022,siang,130
6/16/2022,malam,132
6/17/2022,siang,127
6/17/2022,malam,129
6/18/2022,siang,125
6/18/2022,malam,130
6/19/2022,siang,104
6/19/2022,malam,133
6/20/2022,siang,138
6/20/2022,malam,143
6/21/2022,siang,136
6/21/2022,malam,137
6/22/2022,siang,139
6/22/2022,malam,137
6/23/2022,siang,132
6/23/2022,malam,144
6/24/2022,siang,129
6/24/2022,malam,138
6/25/2022,siang,140
6/25/2022,malam,139
6/26/2022,siang,108
6/26/2022,malam,141
6/27/2022,siang,140
6/27/2022,malam,135
6/28/2022,siang,134
6/28/2022,malam,130
6/29/2022,siang,128
6/29/2022,malam,131
6/30/2022,siang,130
6/30/2022,malam,145
7/1/2022,siang,135
7/1/2022,malam,148
7/2/2022,siang,140
7/2/2022,malam,134
7/3/2022,siang,118
7/3/2022,malam,153
7/4/2022,siang,160
7/4/2022,malam,161
7/5/2022,siang,160
7/5/2022,malam,142
7/6/2022,siang,144
7/6/2022,malam,146
7/7/2022,siang,134
7/7/2022,malam,145
7/8/2022,siang,118
7/8/2022,malam,117
7/9/2022,siang,86
7/9/2022,malam,108
7/10/2022,siang,75
7/10/2022,malam,118
7/11/2022,siang,126
7/11/2022,malam,129
7/12/2022,siang,132
7/12/2022,malam,146
7/13/2022,siang,143
7/13/2022,malam,150
7/14/2022,siang,136
7/14/2022,malam,147
7/15/2022,siang,137
7/15/2022,malam,144
7/16/2022,siang,141
7/16/2022,malam,121
7/17/2022,siang,110
7/17/2022,malam,124
7/18/2022,siang,136
7/18/2022,malam,146
7/19/2022,siang,139
7/19/2022,malam,162
7/20/2022,siang,156
7/20/2022,malam,163
7/21/2022,siang,151
7/21/2022,malam,163
7/22/2022,siang,142
7/22/2022,malam,160
7/23/2022,siang,147
7/23/2022,malam,148
7/24/2022,siang,129
7/24/2022,malam,143
7/25/2022,siang,140
7/25/2022,malam,151
7/26/2022,siang,138
7/26/2022,malam,156
7/27/2022,siang,150
7/27/2022,malam,158
7/28/2022,siang,146
7/28/2022,malam,154
7/29/2022,siang,140
7/29/2022,malam,140
7/30/2022,siang,130
7/30/2022,malam,136
7/31/2022,siang,118
7/31/2022,malam,36
8/1/2022,siang,146
8/1/2022,malam,150
8/2/2022,siang,144
8/2/2022,malam,158
8/3/2022,siang,143
8/3/2022,malam,95
8/4/2022,siang,137
8/4/2022,malam,94
8/5/2022,siang,130
8/5/2022,malam,140
8/6/2022,siang,125
8/6/2022,malam,141
8/7/2022,siang,116
8/7/2022,malam,145
8/8/2022,siang,142
8/8/2022,malam,140
8/9/2022,siang,147
8/9/2022,malam,153
8/10/2022,siang,145
8/10/2022,malam,160
8/11/2022,siang,165
8/11/2022,malam,159
8/12/2022,siang,153
8/12/2022,malam,163
8/13/2022,siang,161
8/13/2022,malam,147
8/14/2022,siang,122
8/14/2022,malam,141
8/15/2022,siang,152
8/15/2022,malam,161
8/16/2022,siang,136
8/16/2022,malam,125
8/17/2022,siang,100
8/17/2022,malam,137
8/18/2022,siang,151
8/18/2022,malam,158
8/19/2022,siang,151
8/19/2022,malam,160
8/20/2022,siang,161
8/20/2022,malam,118
8/21/2022,siang,108
8/21/2022,malam,134
8/22/2022,siang,140
8/22/2022,malam,141
8/23/2022,siang,145
8/23/2022,malam,130
8/24/2022,siang,134
8/24/2022,malam,141
8/25/2022,siang,131
8/25/2022,malam,154
8/26/2022,siang,130
8/26/2022,malam,140
8/27/2022,siang,129
8/27/2022,malam,123
8/28/2022,siang,99
8/28/2022,malam,130
8/29/2022,siang,142
8/29/2022,malam,141
8/30/2022,siang,128
8/30/2022,malam,135
8/31/2022,siang,115
8/31/2022,malam,126
9/1/2022,siang,134
9/1/2022,malam,140
9/2/2022,siang,134
9/2/2022,malam,141
9/3/2022,siang,135
9/3/2022,malam,136
9/4/2022,siang,110
9/4/2022,malam,136
9/5/2022,siang,140
9/5/2022,malam,150
9/6/2022,siang,140
9/6/2022,malam,150
9/7/2022,siang,144
9/7/2022,malam,145
9/8/2022,siang,44
9/8/2022,malam,135
9/9/2022,siang,127
9/9/2022,malam,134
9/10/2022,siang,132
9/10/2022,malam,130
9/11/2022,siang,110
9/11/2022,malam,146
9/12/2022,siang,128
9/12/2022,malam,138
9/13/2022,siang,140
9/13/2022,malam,137
9/14/2022,siang,132
9/14/2022,malam,136
9/15/2022,siang,140
9/15/2022,malam,142
9/16/2022,siang,140
9/16/2022,malam,151
9/17/2022,siang,159
9/17/2022,malam,146
9/18/2022,siang,124
9/18/2022,malam,156
9/19/2022,siang,152
9/19/2022,malam,161
9/20/2022,siang,150
9/20/2022,malam,160
9/21/2022,siang,160
9/21/2022,malam,153
9/22/2022,siang,156
9/22/2022,malam,162
9/23/2022,siang,140
9/23/2022,malam,155
9/24/2022,siang,156
9/24/2022,malam,151
9/25/2022,siang,129
9/25/2022,malam,141
9/26/2022,siang,161
9/26/2022,malam,161
9/27/2022,siang,150
9/27/2022,malam,160
9/28/2022,siang,155
9/28/2022,malam,151
9/29/2022,siang,136
9/29/2022,malam,145
9/30/2022,siang,136
9/30/2022,malam,138
10/1/2022,siang,156
10/1/2022,malam,137
10/2/2022,siang,118
10/2/2022,malam,146
10/3/2022,siang,148
10/3/2022,malam,146
10/4/2022,siang,158
10/4/2022,malam,166
10/5/2022,siang,150
10/5/2022,malam,144
10/6/2022,siang,147
10/6/2022,malam,152
10/7/2022,siang,148
10/7/2022,malam,146
10/8/2022,siang,120
10/8/2022,malam,137
10/9/2022,siang,122
10/9/2022,malam,146
10/10/2022,siang,161
10/10/2022,malam,161
10/11/2022,siang,162
10/11/2022,malam,156
10/12/2022,siang,160
10/12/2022,malam,156
10/13/2022,siang,155
10/13/2022,malam,151
10/14/2022,siang,144
10/14/2022,malam,154
10/15/2022,siang,158
10/15/2022,malam,141
10/16/2022,siang,126
10/16/2022,malam,151
10/17/2022,siang,165
10/17/2022,malam,153
10/18/2022,siang,148
10/18/2022,malam,155
10/19/2022,siang,156
10/19/2022,malam,147
10/20/2022,siang,142
10/20/2022,malam,145
10/21/2022,siang,129
10/21/2022,malam,134
10/22/2022,siang,129
10/22/2022,malam,132
10/23/2022,siang,115
10/23/2022,malam,136
10/24/2022,siang,150
10/24/2022,malam,144
10/25/2022,siang,143
10/25/2022,malam,152
10/26/2022,siang,144
10/26/2022,malam,152
10/27/2022,siang,138
10/27/2022,malam,149
10/28/2022,siang,126
10/28/2022,malam,137
10/29/2022,siang,118
10/29/2022,malam,130
10/30/2022,siang,105
10/30/2022,malam,130
10/31/2022,siang,129
10/31/2022,malam,127
11/1/2022,siang,130
11/1/2022,malam,132
11/2/2022,siang,138
11/2/2022,malam,136
11/3/2022,siang,136
11/3/2022,malam,162
11/4/2022,siang,142
11/4/2022,malam,153
11/5/2022,siang,0
11/5/2022,malam,152
11/6/2022,siang,126
11/6/2022,malam,143
11/7/2022,siang,160
11/7/2022,malam,151
11/8/2022,siang,151
11/8/2022,malam,156
11/9/2022,siang,158
11/9/2022,malam,167
11/10/2022,siang,163
11/10/2022,malam,136
11/11/2022,siang,124
11/11/2022,malam,134
11/12/2022,siang,107
11/12/2022,malam,129
11/13/2022,siang,113
11/13/2022,malam,136
11/14/2022,siang,136
11/14/2022,malam,134
11/15/2022,siang,115
11/15/2022,malam,160
11/16/2022,siang,153
11/16/2022,malam,160
11/17/2022,siang,154
11/17/2022,malam,151
11/18/2022,siang,141
11/18/2022,malam,153
11/19/2022,siang,128
11/19/2022,malam,145
11/20/2022,siang,120
11/20/2022,malam,143
11/21/2022,siang,157
11/21/2022,malam,155
11/22/2022,siang,155
11/22/2022,malam,151
11/23/2022,siang,150
11/23/2022,malam,160
11/24/2022,siang,156
11/24/2022,malam,139
11/25/2022,siang,134
11/25/2022,malam,132
11/26/2022,siang,221
11/26/2022,malam,126
11/27/2022,siang,109
11/27/2022,malam,131
11/28/2022,siang,140
11/28/2022,malam,127
11/29/2022,siang,140
11/29/2022,malam,139
11/30/2022,siang,139
11/30/2022,malam,134
12/1/2022,siang,132
12/1/2022,malam,137
12/2/2022,siang,135
12/2/2022,malam,131
12/3/2022,siang,127
12/3/2022,malam,130
12/4/2022,siang,114
12/4/2022,malam,130
12/5/2022,siang,145
12/5/2022,malam,145
12/6/2022,siang,146
12/6/2022,malam,136
12/7/2022,siang,134
12/7/2022,malam,150
12/8/2022,siang,145
12/8/2022,malam,139
12/9/2022,siang,140
12/9/2022,malam,145
12/10/2022,siang,130
12/10/2022,malam,132
12/11/2022,siang,110
12/11/2022,malam,151
12/12/2022,siang,161
12/12/2022,malam,160
12/13/2022,siang,157
12/13/2022,malam,156
12/14/2022,siang,163
12/14/2022,malam,158
12/15/2022,siang,157
12/15/2022,malam,151
12/16/2022,siang,146
12/16/2022,malam,146
12/17/2022,siang,150
12/17/2022,malam,145
12/18/2022,siang,121
12/18/2022,malam,150
12/19/2022,siang,152
12/19/2022,malam,148
12/20/2022,siang,155
12/20/2022,malam,158
12/21/2022,siang,152
12/21/2022,malam,146
12/22/2022,siang,147
12/22/2022,malam,150
12/23/2022,siang,151
12/23/2022,malam,148
12/24/2022,siang,132
12/24/2022,malam,143
12/25/2022,siang,109
12/25/2022,malam,135
12/26/2022,siang,138
12/26/2022,malam,139
12/27/2022,siang,137
12/27/2022,malam,146
12/28/2022,siang,140
12/28/2022,malam,145
12/29/2022,siang,138
12/29/2022,malam,140
12/30/2022,siang,116
12/30/2022,malam,131
12/31/2022,siang,101
12/31/2022,malam,107
1/1/2023,siang,84
1/1/2023,malam,115
1/2/2023,siang,105
1/2/2023,malam,131
1/3/2023,siang,140
1/3/2023,malam,150
1/4/2023,siang,160
1/4/2023,malam,159
1/5/2023,siang,161
1/5/2023,malam,150
1/6/2023,siang,153
1/6/2023,malam,151
1/7/2023,siang,151
1/7/2023,malam,156
1/8/2023,siang,135
1/8/2023,malam,145
1/9/2023,siang,160
1/9/2023,malam,160
1/10/2023,siang,160
1/10/2023,malam,170
1/11/2023,siang,173
1/11/2023,malam,167
1/12/2023,siang,169
1/12/2023,malam,156
1/13/2023,siang,164
1/13/2023,malam,158
1/14/2023,siang,169
1/14/2023,malam,160
1/15/2023,siang,133
1/15/2023,malam,152
1/16/2023,siang,160
1/16/2023,malam,151
1/17/2023,siang,156
1/17/2023,malam,170
1/18/2023,siang,162
1/18/2023,malam,161
1/19/2023,siang,158
1/19/2023,malam,160
1/20/2023,siang,158
1/20/2023,malam,165
1/21/2023,siang,160
1/21/2023,malam,160
1/22/2023,siang,134
1/22/2023,malam,165
1/23/2023,siang,173
1/23/2023,malam,167
1/24/2023,siang,173
1/24/2023,malam,174
1/25/2023,siang,109
1/25/2023,malam,152
1/26/2023,siang,150
1/26/2023,malam,151
1/27/2023,siang,140
1/27/2023,malam,140
1/28/2023,siang,134
1/28/2023,malam,129
1/29/2023,siang,112
1/29/2023,malam,130
1/30/2023,siang,140
1/30/2023,malam,151
1/31/2023,siang,140
1/31/2023,malam,145
2/1/2023,siang,140
2/1/2023,malam,156
2/2/2023,siang,140
2/2/2023,malam,150
2/3/2023,siang,138
2/3/2023,malam,143
2/4/2023,siang,139
2/4/2023,malam,134
2/5/2023,siang,116
2/5/2023,malam,141
2/6/2023,siang,141
2/6/2023,malam,151
2/7/2023,siang,151
2/7/2023,malam,148
2/8/2023,siang,150
2/8/2023,malam,148
2/9/2023,siang,146
2/9/2023,malam,159
2/10/2023,siang,150
2/10/2023,malam,158
2/11/2023,siang,151
2/11/2023,malam,150
2/12/2023,siang,127
2/12/2023,malam,153
2/13/2023,siang,160
2/13/2023,malam,148
2/14/2023,siang,150
2/14/2023,malam,151
2/15/2023,siang,147
2/15/2023,malam,150
2/16/2023,siang,150
2/16/2023,malam,150
2/17/2023,siang,150
2/17/2023,malam,135
2/18/2023,siang,55
2/18/2023,malam,151
2/19/2023,siang,138
2/19/2023,malam,166
2/20/2023,siang,141
2/20/2023,malam,163
2/21/2023,siang,165
2/21/2023,malam,166
2/22/2023,siang,162
2/22/2023,malam,154
2/23/2023,siang,160
2/23/2023,malam,152
2/24/2023,siang,152
2/24/2023,malam,162
2/25/2023,siang,151
2/25/2023,malam,150
2/26/2023,siang,127
2/26/2023,malam,159
2/27/2023,siang,152
2/27/2023,malam,160
2/28/2023,siang,156
2/28/2023,malam,153
3/1/2023,siang,156
3/1/2023,malam,152
3/2/2023,siang,159
3/2/2023,malam,147
3/3/2023,siang,143
3/3/2023,malam,158
3/4/2023,siang,150
3/4/2023,malam,142
3/5/2023,siang,0
3/5/2023,malam,152
3/6/2023,siang,161
3/6/2023,malam,160
3/7/2023,siang,164
3/7/2023,malam,158
3/8/2023,siang,170
3/8/2023,malam,150
3/9/2023,siang,163
3/9/2023,malam,168
3/10/2023,siang,153
3/10/2023,malam,155
3/11/2023,siang,158
3/11/2023,malam,160
3/12/2023,siang,130
3/12/2023,malam,152
3/13/2023,siang,165
3/13/2023,malam,161
3/14/2023,siang,160
3/14/2023,malam,155
3/15/2023,siang,160
3/15/2023,malam,164
3/16/2023,siang,156
3/16/2023,malam,164
3/17/2023,siang,154
3/17/2023,malam,147
3/18/2023,siang,150
3/18/2023,malam,142
3/19/2023,siang,129
3/19/2023,malam,166
3/20/2023,siang,168
3/20/2023,malam,154
3/21/2023,siang,158
3/21/2023,malam,152
3/22/2023,siang,117
3/22/2023,malam,157
3/23/2023,siang,127
3/23/2023,malam,156
3/24/2023,siang,145
3/24/2023,malam,155
3/25/2023,siang,152
3/25/2023,malam,150
3/26/2023,siang,125
3/26/2023,malam,148
3/27/2023,siang,156
3/27/2023,malam,159
3/28/2023,siang,154
3/28/2023,malam,160
3/29/2023,siang,151
3/29/2023,malam,160
3/30/2023,siang,154
3/30/2023,malam,156
3/31/2023,siang,137
3/31/2023,malam,135
4/1/2023,siang,156
4/1/2023,malam,152
4/2/2023,siang,102
4/2/2023,malam,136
4/3/2023,siang,135
4/3/2023,malam,145
4/4/2023,siang,139
4/4/2023,malam,156
4/5/2023,siang,141
4/5/2023,malam,140
4/6/2023,siang,230
4/6/2023,malam,142
4/7/2023,siang,128
4/7/2023,malam,150
4/8/2023,siang,137
4/8/2023,malam,140
4/9/2023,siang,107
4/9/2023,malam,146
4/10/2023,siang,135
4/10/2023,malam,149
4/11/2023,siang,134
4/11/2023,malam,152
4/12/2023,siang,140
4/12/2023,malam,150
4/13/2023,siang,0
4/13/2023,malam,142
4/14/2023,siang,131
4/14/2023,malam,147
4/15/2023,siang,127
4/15/2023,malam,141
4/16/2023,siang,103
4/16/2023,malam,135
4/17/2023,siang,111
4/17/2023,malam,128
4/18/2023,siang,110
4/18/2023,malam,127
4/19/2023,siang,110
4/19/2023,malam,130
4/20/2023,siang,101
4/20/2023,malam,120
4/21/2023,siang,87
4/21/2023,malam,107
4/22/2023,siang,77
4/22/2023,malam,104
4/23/2023,siang,78
4/23/2023,malam,110
4/24/2023,siang,83
4/24/2023,malam,108
4/25/2023,siang,89
4/25/2023,malam,120
4/26/2023,siang,96
4/26/2023,malam,120
4/27/2023,siang,101
4/27/2023,malam,123
4/28/2023,siang,108
4/28/2023,malam,121
4/29/2023,siang,94
4/29/2023,malam,115
4/30/2023,siang,95
4/30/2023,malam,124
5/1/2023,siang,83
5/1/2023,malam,108
5/2/2023,siang,127
5/2/2023,malam,130
5/3/2023,siang,136
5/3/2023,malam,142
5/4/2023,siang,136
5/4/2023,malam,150
5/5/2023,siang,145
5/5/2023,malam,124
5/6/2023,siang,140
5/6/2023,malam,134
5/7/2023,siang,115
5/7/2023,malam,142
5/8/2023,siang,142
5/8/2023,malam,151
5/9/2023,siang,144
5/9/2023,malam,156
5/10/2023,siang,139
5/10/2023,malam,155
5/11/2023,siang,151
5/11/2023,malam,148
5/12/2023,siang,144
5/12/2023,malam,150
5/13/2023,siang,140
5/13/2023,malam,138
5/14/2023,siang,120
5/14/2023,malam,142
5/15/2023,siang,143
5/15/2023,malam,146
5/16/2023,siang,140
5/16/2023,malam,145
5/17/2023,siang,150
5/17/2023,malam,148
5/18/2023,siang,140
5/18/2023,malam,150
5/19/2023,siang,140
5/19/2023,malam,145
5/20/2023,siang,137
5/20/2023,malam,141
5/21/2023,siang,110
5/21/2023,malam,140
5/22/2023,siang,141
5/22/2023,malam,150
5/23/2023,siang,145
5/23/2023,malam,142
5/24/2023,siang,145
5/24/2023,malam,142
5/25/2023,siang,140
5/25/2023,malam,152
5/26/2023,siang,135
5/26/2023,malam,149
5/27/2023,siang,138
5/27/2023,malam,132
5/28/2023,siang,110
5/28/2023,malam,142
5/29/2023,siang,133
5/29/2023,malam,140
5/30/2023,siang,131
5/30/2023,malam,145
5/31/2023,siang,147
5/31/2023,malam,146
6/1/2023,siang,142
6/1/2023,malam,148
6/2/2023,siang,135
6/2/2023,malam,149
6/3/2023,siang,141
6/3/2023,malam,150
6/4/2023,siang,111
6/4/2023,malam,145
6/5/2023,siang,150
6/5/2023,malam,144
6/6/2023,siang,131
6/6/2023,malam,145
6/7/2023,siang,153
6/7/2023,malam,148
6/8/2023,siang,146
6/8/2023,malam,150
6/9/2023,siang,145
6/9/2023,malam,154
6/10/2023,siang,138
6/10/2023,malam,132
6/11/2023,siang,113
6/11/2023,malam,150
6/12/2023,siang,152
6/12/2023,malam,146
6/13/2023,siang,151
6/13/2023,malam,160
6/14/2023,siang,149
6/14/2023,malam,158
6/15/2023,siang,146
6/15/2023,malam,145
6/16/2023,siang,146
6/16/2023,malam,156
6/17/2023,siang,150
6/17/2023,malam,138
6/18/2023,siang,17
6/18/2023,malam,146
6/19/2023,siang,146
6/19/2023,malam,158
6/20/2023,siang,143
6/20/2023,malam,153
6/21/2023,siang,142
6/21/2023,malam,152
6/22/2023,siang,161
6/22/2023,malam,158
6/23/2023,siang,156
6/23/2023,malam,166
6/24/2023,siang,225
6/24/2023,malam,141
6/25/2023,siang,116
6/25/2023,malam,147
6/26/2023,siang,113
6/26/2023,malam,150
6/27/2023,siang,154
6/27/2023,malam,148
6/28/2023,siang,133
6/28/2023,malam,122
6/29/2023,siang,90
6/29/2023,malam,125
6/30/2023,siang,130
6/30/2023,malam,152
7/1/2023,siang,143
7/1/2023,malam,134
7/2/2023,siang,116
7/2/2023,malam,145
7/3/2023,siang,145
7/3/2023,malam,149
7/4/2023,siang,154
7/4/2023,malam,155
7/5/2023,siang,143
7/5/2023,malam,150
7/6/2023,siang,147
7/6/2023,malam,135
7/7/2023,siang,145
7/7/2023,malam,149
7/8/2023,siang,142
7/8/2023,malam,137
7/9/2023,siang,112
7/9/2023,malam,143
7/10/2023,siang,145
7/10/2023,malam,135
7/11/2023,siang,128
7/11/2023,malam,139
7/12/2023,siang,137
7/12/2023,malam,130
7/13/2023,siang,140
7/13/2023,malam,143
7/14/2023,siang,160
7/14/2023,malam,145
7/15/2023,siang,147
7/15/2023,malam,130
7/16/2023,siang,0
7/16/2023,malam,143
7/17/2023,siang,130
7/17/2023,malam,142
7/18/2023,siang,141
7/18/2023,malam,145
7/19/2023,siang,136
7/19/2023,malam,138
7/20/2023,siang,130
7/20/2023,malam,147
7/21/2023,siang,130
7/21/2023,malam,150
7/22/2023,siang,136
7/22/2023,malam,130
7/23/2023,siang,108
7/23/2023,malam,145
7/24/2023,siang,130
7/24/2023,malam,136
7/25/2023,siang,140
7/25/2023,malam,145
7/26/2023,siang,133
7/26/2023,malam,142
7/27/2023,siang,130
7/27/2023,malam,139
7/28/2023,siang,130
7/28/2023,malam,140
7/29/2023,siang,131
7/29/2023,malam,135
7/30/2023,siang,106
7/30/2023,malam,135
7/31/2023,siang,130
7/31/2023,malam,140
8/1/2023,siang,137
8/1/2023,malam,153
8/2/2023,siang,144
8/2/2023,malam,146
8/3/2023,siang,142
8/3/2023,malam,145
8/4/2023,siang,140
8/4/2023,malam,154
8/5/2023,siang,140
8/5/2023,malam,135
8/6/2023,siang,108
8/6/2023,malam,148
8/7/2023,siang,124
8/7/2023,malam,134
8/8/2023,siang,140
8/8/2023,malam,150
8/9/2023,siang,145
8/9/2023,malam,142
8/10/2023,siang,140
8/10/2023,malam,146
8/11/2023,siang,135
8/11/2023,malam,142
8/12/2023,siang,141
8/12/2023,malam,140
8/13/2023,siang,107
8/13/2023,malam,136
8/14/2023,siang,135
8/14/2023,malam,144
8/15/2023,siang,136
8/15/2023,malam,140
8/16/2023,siang,125
8/16/2023,malam,120
8/17/2023,siang,88
8/17/2023,malam,118
8/18/2023,siang,131
8/18/2023,malam,136
8/19/2023,siang,140
8/19/2023,malam,131
8/20/2023,siang,107
8/20/2023,malam,143
8/21/2023,siang,140
8/21/2023,malam,152
8/22/2023,siang,140
8/22/2023,malam,160
8/23/2023,siang,140
8/23/2023,malam,151
8/24/2023,siang,130
8/24/2023,malam,151
8/25/2023,siang,140
8/25/2023,malam,151
8/26/2023,siang,149
8/26/2023,malam,140
8/27/2023,siang,110
8/27/2023,malam,134
8/28/2023,siang,130
8/28/2023,malam,145
8/29/2023,siang,130
8/29/2023,malam,143
8/30/2023,siang,133
8/30/2023,malam,134
8/31/2023,siang,140
8/31/2023,malam,144
9/1/2023,siang,135
9/1/2023,malam,144
9/2/2023,siang,135
9/2/2023,malam,140
9/3/2023,siang,104
9/3/2023,malam,130
9/4/2023,siang,135
9/4/2023,malam,146
9/5/2023,siang,143
9/5/2023,malam,151
9/6/2023,siang,140
9/6/2023,malam,151
9/7/2023,siang,138
9/7/2023,malam,151
9/8/2023,siang,140
9/8/2023,malam,138
9/9/2023,siang,230
9/9/2023,malam,141
9/10/2023,siang,111
9/10/2023,malam,145
9/11/2023,siang,140
9/11/2023,malam,151
9/12/2023,siang,146
9/12/2023,malam,154
9/13/2023,siang,134
9/13/2023,malam,150
9/14/2023,siang,140
9/14/2023,malam,142
9/15/2023,siang,137
9/15/2023,malam,150
9/16/2023,siang,141
9/16/2023,malam,132
9/17/2023,siang,118
9/17/2023,malam,146
9/18/2023,siang,147
9/18/2023,malam,150
9/19/2023,siang,148
9/19/2023,malam,151
9/20/2023,siang,140
9/20/2023,malam,145
9/21/2023,siang,140
9/21/2023,malam,154
9/22/2023,siang,147
9/22/2023,malam,162
9/23/2023,siang,150
9/23/2023,malam,149
9/24/2023,siang,125
9/24/2023,malam,156
9/25/2023,siang,160
9/25/2023,malam,165
9/26/2023,siang,167
9/26/2023,malam,165
9/27/2023,siang,160
9/27/2023,malam,165
9/28/2023,siang,133
9/28/2023,malam,151
9/29/2023,siang,105
9/29/2023,malam,161
9/30/2023,siang,165
9/30/2023,malam,160
10/1/2023,siang,123
10/1/2023,malam,146
10/2/2023,siang,160
10/2/2023,malam,163
10/3/2023,siang,170
10/3/2023,malam,175
10/4/2023,siang,170
10/4/2023,malam,173
10/5/2023,siang,174
10/5/2023,malam,182
10/6/2023,siang,166
10/6/2023,malam,167
10/7/2023,siang,176
10/7/2023,malam,166
10/8/2023,siang,141
10/8/2023,malam,162
10/9/2023,siang,160
10/9/2023,malam,166
10/10/2023,siang,175
10/10/2023,malam,172
10/11/2023,siang,170
10/11/2023,malam,179
10/12/2023,siang,150
10/12/2023,malam,161
10/13/2023,siang,155
10/13/2023,malam,164
10/14/2023,siang,157
10/14/2023,malam,152
10/15/2023,siang,0
10/15/2023,malam,0
10/16/2023,siang,160
10/16/2023,malam,160
10/17/2023,siang,155
10/17/2023,malam,162
10/18/2023,siang,146
10/18/2023,malam,161
10/19/2023,siang,160
10/19/2023,malam,167
10/20/2023,siang,156
10/20/2023,malam,163
10/21/2023,siang,158
10/21/2023,malam,160
10/22/2023,siang,122
10/22/2023,malam,151
10/23/2023,siang,145
10/23/2023,malam,164
10/24/2023,siang,150
10/24/2023,malam,169
10/25/2023,siang,160
10/25/2023,malam,160
10/26/2023,siang,155
10/26/2023,malam,165
10/27/2023,siang,154
10/27/2023,malam,156
10/28/2023,siang,150
10/28/2023,malam,153
10/29/2023,siang,129
10/29/2023,malam,158
10/30/2023,siang,150
10/30/2023,malam,165
10/31/2023,siang,147
10/31/2023,malam,152
11/1/2023,siang,158
11/1/2023,malam,170
11/2/2023,siang,157
11/2/2023,malam,156
11/3/2023,siang,153
11/3/2023,malam,156
11/4/2023,siang,158
11/4/2023,malam,146
11/5/2023,siang,128
11/5/2023,malam,146
11/6/2023,siang,150
11/6/2023,malam,160
11/7/2023,siang,156
11/7/2023,malam,150
11/8/2023,siang,160
11/8/2023,malam,169
11/9/2023,siang,165
11/9/2023,malam,165
11/10/2023,siang,150
11/10/2023,malam,165
11/11/2023,siang,169
11/11/2023,malam,158
11/12/2023,siang,130
11/12/2023,malam,152
11/13/2023,siang,160
11/13/2023,malam,162
11/14/2023,siang,127
11/14/2023,malam,160
11/15/2023,siang,160
11/15/2023,malam,170
11/16/2023,siang,167
11/16/2023,malam,165
11/17/2023,siang,155
11/17/2023,malam,165
11/18/2023,siang,159
11/18/2023,malam,146
11/19/2023,siang,136
11/19/2023,malam,158
11/20/2023,siang,155
11/20/2023,malam,161
11/21/2023,siang,180
11/21/2023,malam,163
11/22/2023,siang,170
11/22/2023,malam,174
11/23/2023,siang,160
11/23/2023,malam,160
11/24/2023,siang,150
11/24/2023,malam,160
11/25/2023,siang,149
11/25/2023,malam,148
11/26/2023,siang,130
11/26/2023,malam,147
11/27/2023,siang,145
11/27/2023,malam,151
11/28/2023,siang,140
11/28/2023,malam,141
11/29/2023,siang,140
11/29/2023,malam,141
11/30/2023,siang,160
11/30/2023,malam,143
12/1/2023,siang,145
12/1/2023,malam,148
12/2/2023,siang,137
12/2/2023,malam,140
12/3/2023,siang,125
12/3/2023,malam,147
12/4/2023,siang,146
12/4/2023,malam,155
12/5/2023,siang,155
12/5/2023,malam,152
12/6/2023,siang,160
12/6/2023,malam,168
12/7/2023,siang,167
12/7/2023,malam,170
12/8/2023,siang,155
12/8/2023,malam,152
12/9/2023,siang,156
12/9/2023,malam,150
12/10/2023,siang,130
12/10/2023,malam,163
12/11/2023,siang,155
12/11/2023,malam,156
12/12/2023,siang,115
12/12/2023,malam,172
12/13/2023,siang,110
12/13/2023,malam,180
12/14/2023,siang,166
12/14/2023,malam,184
12/15/2023,siang,170
12/15/2023,malam,169
12/16/2023,siang,17
12/16/2023,malam,164
12/17/2023,siang,139
12/17/2023,malam,170
12/18/2023,siang,161
12/18/2023,malam,176
12/19/2023,siang,165
12/19/2023,malam,178
12/20/2023,siang,167
12/20/2023,malam,166
12/21/2023,siang,165
12/21/2023,malam,175
12/22/2023,siang,165
12/22/2023,malam,176
12/23/2023,siang,168
12/23/2023,malam,170
12/24/2023,siang,146
12/24/2023,malam,161
12/25/2023,siang,142
12/25/2023,malam,156
12/26/2023,siang,156
12/26/2023,malam,161
12/27/2023,siang,160
12/27/2023,malam,175
12/28/2023,siang,163
12/28/2023,malam,170
12/29/2023,siang,141
12/29/2023,malam,155
12/30/2023,siang,137
12/30/2023,malam,148
12/31/2023,siang,139
12/31/2023,malam,134
1/1/2024,siang,111
1/1/2024,malam,141
1/2/2024,siang,147
1/2/2024,malam,160
1/3/2024,siang,170
1/3/2024,malam,170
1/4/2024,siang,170
1/4/2024,malam,165
1/5/2024,siang,175
1/5/2024,malam,165
1/6/2024,siang,167
1/6/2024,malam,140
1/7/2024,siang,165
1/7/2024,malam,165
1/8/2024,siang,160
1/8/2024,malam,161
1/9/2024,siang,173
1/9/2024,malam,171
1/10/2024,siang,180
1/10/2024,malam,180
1/11/2024,siang,175
1/11/2024,malam,169
1/12/2024,siang,163
1/12/2024,malam,180
1/13/2024,siang,172
1/13/2024,malam,154
1/14/2024,siang,142
1/14/2024,malam,170
1/15/2024,siang,170
1/15/2024,malam,174
1/16/2024,siang,177
1/16/2024,malam,180
1/17/2024,siang,176
1/17/2024,malam,78
1/18/2024,siang,45
1/18/2024,malam,151
1/19/2024,siang,150
1/19/2024,malam,163
1/20/2024,siang,180
1/20/2024,malam,165
1/21/2024,siang,146
1/21/2024,malam,168
1/22/2024,siang,170
1/22/2024,malam,176
1/23/2024,siang,170
1/23/2024,malam,176
1/24/2024,siang,NaN
1/24/2024,malam,NaN
1/25/2024,siang,NaN
1/25/2024,malam,NaN
1/26/2024,siang,NaN
1/26/2024,malam,NaN
1/27/2024,siang,NaN
1/27/2024,malam,NaN
1/28/2024,siang,NaN
1/28/2024,malam,NaN
1/29/2024,siang,NaN
1/29/2024,malam,NaN
1/30/2024,siang,NaN
1/30/2024,malam,NaN
1/31/2024,siang,NaN
1/31/2024,malam,NaN
2/1/2024,siang,150
2/1/2024,malam,151
2/2/2024,siang,140
2/2/2024,malam,160
2/3/2024,siang,151
2/3/2024,malam,159
2/4/2024,siang,129
2/4/2024,malam,154
2/5/2024,siang,156
2/5/2024,malam,162
2/6/2024,siang,167
2/6/2024,malam,163
2/7/2024,siang,165
2/7/2024,malam,160
2/8/2024,siang,151
2/8/2024,malam,150
2/9/2024,siang,145
2/9/2024,malam,156
2/10/2024,siang,133
2/10/2024,malam,136
2/11/2024,siang,124
2/11/2024,malam,152
2/12/2024,siang,142
2/12/2024,malam,150
2/13/2024,siang,150
2/13/2024,malam,152
2/14/2024,siang,93
2/14/2024,malam,131
2/15/2024,siang,155
2/15/2024,malam,157
2/16/2024,siang,140
2/16/2024,malam,163
2/17/2024,siang,162
2/17/2024,malam,146
2/18/2024,siang,127
2/18/2024,malam,155
2/19/2024,siang,155
2/19/2024,malam,165
2/20/2024,siang,155
2/20/2024,malam,164
2/21/2024,siang,155
2/21/2024,malam,150
2/22/2024,siang,146
2/22/2024,malam,153
2/23/2024,siang,155
2/23/2024,malam,165
2/24/2024,siang,165
2/24/2024,malam,137
2/25/2024,siang,130
2/25/2024,malam,140
2/26/2024,siang,155
2/26/2024,malam,150
2/27/2024,siang,144
2/27/2024,malam,150
2/28/2024,siang,140
2/28/2024,malam,145
2/29/2024,siang,146
2/29/2024,malam,152
3/1/2024,siang,140
3/1/2024,malam,152
3/2/2024,siang,150
3/2/2024,malam,142
3/3/2024,siang,120
3/3/2024,malam,140
3/4/2024,siang,140
3/4/2024,malam,148
3/5/2024,siang,140
3/5/2024,malam,156
3/6/2024,siang,140
3/6/2024,malam,159
3/7/2024,siang,155
3/7/2024,malam,165
3/8/2024,siang,155
3/8/2024,malam,153
3/9/2024,siang,159
3/9/2024,malam,131
3/10/2024,siang,106
3/10/2024,malam,139
3/11/2024,siang,116
3/11/2024,malam,143
3/12/2024,siang,120
3/12/2024,malam,142
3/13/2024,siang,130
3/13/2024,malam,154
3/14/2024,siang,140
3/14/2024,malam,147
3/15/2024,siang,130
3/15/2024,malam,144
3/16/2024,siang,130
3/16/2024,malam,147
3/17/2024,siang,113
3/17/2024,malam,154
3/18/2024,siang,137
3/18/2024,malam,151
3/19/2024,siang,140
3/19/2024,malam,162
3/20/2024,siang,149
3/20/2024,malam,160
3/21/2024,siang,146
3/21/2024,malam,165
3/22/2024,siang,150
3/22/2024,malam,162
3/23/2024,siang,149
3/23/2024,malam,152
3/24/2024,siang,121
3/24/2024,malam,158
3/25/2024,siang,140
3/25/2024,malam,165
3/26/2024,siang,145
3/26/2024,malam,152
3/27/2024,siang,150
3/27/2024,malam,158
3/28/2024,siang,150
3/28/2024,malam,167
3/29/2024,siang,141
3/29/2024,malam,150
3/30/2024,siang,156
3/30/2024,malam,152
3/31/2024,siang,127
3/31/2024,malam,150
4/1/2024,siang,160
4/1/2024,malam,162
4/2/2024,siang,160
4/2/2024,malam,171
4/3/2024,siang,160
4/3/2024,malam,182
4/4/2024,siang,160
4/4/2024,malam,183
4/5/2024,siang,162
4/5/2024,malam,165
4/6/2024,siang,137
4/6/2024,malam,167
4/7/2024,siang,127
4/7/2024,malam,157
4/8/2024,siang,116
4/8/2024,malam,143
4/9/2024,siang,106
4/9/2024,malam,127
4/10/2024,siang,85
4/10/2024,malam,122
4/11/2024,siang,97
4/11/2024,malam,122
4/12/2024,siang,162
4/12/2024,malam,130
4/13/2024,siang,103
4/13/2024,malam,130
4/14/2024,siang,105
4/14/2024,malam,137
4/15/2024,siang,114
4/15/2024,malam,141
4/16/2024,siang,125
4/16/2024,malam,155
4/17/2024,siang,140
4/17/2024,malam,155
4/18/2024,siang,130
4/18/2024,malam,164
4/19/2024,siang,140
4/19/2024,malam,163
4/20/2024,siang,146
4/20/2024,malam,162
4/21/2024,siang,135
4/21/2024,malam,148
4/22/2024,siang,155
4/22/2024,malam,166
4/23/2024,siang,176
4/23/2024,malam,155
4/24/2024,siang,160
4/24/2024,malam,174
4/25/2024,siang,176
4/25/2024,malam,180
4/26/2024,siang,166
4/26/2024,malam,170
4/27/2024,siang,171
4/27/2024,malam,165
4/28/2024,siang,147
4/28/2024,malam,180
4/29/2024,siang,170
4/29/2024,malam,180
4/30/2024,siang,110
4/30/2024,malam,176
5/1/2024,siang,138
5/1/2024,malam,164
5/2/2024,siang,180
5/2/2024,malam,172
5/3/2024,siang,171
5/3/2024,malam,180
5/4/2024,siang,176
5/4/2024,malam,169
5/5/2024,siang,147
5/5/2024,malam,167
5/6/2024,siang,170
5/6/2024,malam,177
5/7/2024,siang,177
5/7/2024,malam,180
5/8/2024,siang,180
5/8/2024,malam,176
5/9/2024,siang,160
5/9/2024,malam,178
5/10/2024,siang,165
5/10/2024,malam,178
5/11/2024,siang,172
5/11/2024,malam,165
5/12/2024,siang,150
5/12/2024,malam,126
5/13/2024,siang,170
5/13/2024,malam,179
5/14/2024,siang,169
5/14/2024,malam,166
5/15/2024,siang,171
5/15/2024,malam,171
5/16/2024,siang,172
5/16/2024,malam,177
5/17/2024,siang,160
5/17/2024,malam,180
5/18/2024,siang,176
5/18/2024,malam,172
5/19/2024,siang,145
5/19/2024,malam,176
5/20/2024,siang,176
5/20/2024,malam,182
5/21/2024,siang,170
5/21/2024,malam,174
5/22/2024,siang,176
5/22/2024,malam,181
5/23/2024,siang,161
5/23/2024,malam,163
5/24/2024,siang,171
5/24/2024,malam,182
5/25/2024,siang,185
5/25/2024,malam,171
5/26/2024,siang,141
5/26/2024,malam,172
5/27/2024,siang,177
5/27/2024,malam,176
5/28/2024,siang,170
5/28/2024,malam,176
5/29/2024,siang,176
5/29/2024,malam,186
5/30/2024,siang,170
5/30/2024,malam,171
5/31/2024,siang,160
5/31/2024,malam,190
6/1/2024,siang,163
6/1/2024,malam,160
6/2/2024,siang,141
6/2/2024,malam,175
6/3/2024,siang,176
6/3/2024,malam,181
6/4/2024,siang,176
6/4/2024,malam,183
6/5/2024,siang,170
6/5/2024,malam,175
6/6/2024,siang,180
6/6/2024,malam,187
6/7/2024,siang,171
6/7/2024,malam,190
6/8/2024,siang,182
6/8/2024,malam,171
6/9/2024,siang,147
6/9/2024,malam,182
6/10/2024,siang,250
6/10/2024,malam,185
6/11/2024,siang,170
6/11/2024,malam,187
6/12/2024,siang,239
6/12/2024,malam,187
6/13/2024,siang,175
6/13/2024,malam,181
6/14/2024,siang,176
6/14/2024,malam,175
6/15/2024,siang,186
6/15/2024,malam,171
6/16/2024,siang,150
6/16/2024,malam,153
6/17/2024,siang,110
6/17/2024,malam,156
6/18/2024,siang,180
6/18/2024,malam,180
6/19/2024,siang,175
6/19/2024,malam,180
6/20/2024,siang,176
6/20/2024,malam,180
6/21/2024,siang,167
6/21/2024,malam,175
6/22/2024,siang,182
6/22/2024,malam,120
6/23/2024,siang,146
6/23/2024,malam,172
6/24/2024,siang,180
6/24/2024,malam,181
6/25/2024,siang,170
6/25/2024,malam,180
6/26/2024,siang,170
6/26/2024,malam,172
6/27/2024,siang,171
6/27/2024,malam,176
6/28/2024,siang,200
6/28/2024,malam,182
6/29/2024,siang,171
6/29/2024,malam,165
6/30/2024,siang,130
6/30/2024,malam,160
7/1/2024,siang,170
7/1/2024,malam,170
7/2/2024,siang,170
7/2/2024,malam,180
7/3/2024,siang,150
7/3/2024,malam,170
7/4/2024,siang,170
7/4/2024,malam,171
7/5/2024,siang,170
7/5/2024,malam,180
7/6/2024,siang,170
7/6/2024,malam,165
7/7/2024,siang,133
7/7/2024,malam,170
7/8/2024,siang,175
7/8/2024,malam,179
7/9/2024,siang,175
7/9/2024,malam,178
7/10/2024,siang,180
7/10/2024,malam,184
7/11/2024,siang,176
7/11/2024,malam,180
7/12/2024,siang,170
7/12/2024,malam,173
7/13/2024,siang,180
7/13/2024,malam,159
7/14/2024,siang,127
7/14/2024,malam,156
7/15/2024,siang,160
7/15/2024,malam,161
7/16/2024,siang,200
7/16/2024,malam,178
7/17/2024,siang,300
7/17/2024,malam,170
7/18/2024,siang,165
7/18/2024,malam,174
7/19/2024,siang,167
7/19/2024,malam,162
7/20/2024,siang,152
7/20/2024,malam,150
7/21/2024,siang,128
7/21/2024,malam,154
7/22/2024,siang,165
7/22/2024,malam,172
7/23/2024,siang,170
7/23/2024,malam,173
7/24/2024,siang,165
7/24/2024,malam,172
7/25/2024,siang,170
7/25/2024,malam,175
7/26/2024,siang,170
7/26/2024,malam,168
7/27/2024,siang,164
7/27/2024,malam,155
7/28/2024,siang,140
7/28/2024,malam,174
7/29/2024,siang,130
7/29/2024,malam,186
7/30/2024,siang,167
7/30/2024,malam,177
7/31/2024,siang,184
7/31/2024,malam,63
8/1/2024,siang,180
8/1/2024,malam,179
8/2/2024,siang,166
8/2/2024,malam,170
8/3/2024,siang,168
8/3/2024,malam,154
8/4/2024,siang,140
8/4/2024,malam,135
8/5/2024,siang,170
8/5/2024,malam,174
8/6/2024,siang,165
8/6/2024,malam,172
8/7/2024,siang,170
8/7/2024,malam,172
8/8/2024,siang,163
8/8/2024,malam,167
8/9/2024,siang,163
8/9/2024,malam,171
8/10/2024,siang,126
8/10/2024,malam,145
8/11/2024,siang,148
8/11/2024,malam,161
8/12/2024,siang,160
8/12/2024,malam,152
8/13/2024,siang,130
8/13/2024,malam,173
8/14/2024,siang,170
8/14/2024,malam,165
8/15/2024,siang,170
8/15/2024,malam,160
8/16/2024,siang,153
8/16/2024,malam,152
8/17/2024,siang,110
8/17/2024,malam,146
8/18/2024,siang,130
8/18/2024,malam,162
8/19/2024,siang,167
8/19/2024,malam,162
8/20/2024,siang,170
8/20/2024,malam,165
8/21/2024,siang,174
8/21/2024,malam,181
8/22/2024,siang,210
8/22/2024,malam,176
8/23/2024,siang,160
8/23/2024,malam,175
8/24/2024,siang,167
8/24/2024,malam,157
8/25/2024,siang,138
8/25/2024,malam,162
8/26/2024,siang,175
8/26/2024,malam,163
8/27/2024,siang,170
8/27/2024,malam,177
8/28/2024,siang,170
8/28/2024,malam,126
8/29/2024,siang,165
8/29/2024,malam,176
8/30/2024,siang,170
8/30/2024,malam,177
8/31/2024,siang,177
8/31/2024,malam,158
9/1/2024,siang,133
9/1/2024,malam,176
9/2/2024,siang,170
9/2/2024,malam,184
9/3/2024,siang,176
9/3/2024,malam,180
9/4/2024,siang,186
9/4/2024,malam,188
9/5/2024,siang,185
9/5/2024,malam,185
9/6/2024,siang,170
9/6/2024,malam,189
9/7/2024,siang,182
9/7/2024,malam,174
9/8/2024,siang,109
9/8/2024,malam,179
9/9/2024,siang,187
9/9/2024,malam,72
9/10/2024,siang,120
9/10/2024,malam,187
9/11/2024,siang,177
9/11/2024,malam,187
9/12/2024,siang,191
9/12/2024,malam,181
9/13/2024,siang,175
9/13/2024,malam,171
9/14/2024,siang,185
9/14/2024,malam,171
9/15/2024,siang,146
9/15/2024,malam,171
9/16/2024,siang,146
9/16/2024,malam,165
9/17/2024,siang,175
9/17/2024,malam,180
9/18/2024,siang,175
9/18/2024,malam,175
9/19/2024,siang,177
9/19/2024,malam,179
9/20/2024,siang,170
9/20/2024,malam,175
9/21/2024,siang,185
9/21/2024,malam,174
9/22/2024,siang,160
9/22/2024,malam,180
9/23/2024,siang,175
9/23/2024,malam,68
9/24/2024,siang,180
9/24/2024,malam,175
9/25/2024,siang,0
9/25/2024,malam,176
9/26/2024,siang,186
9/26/2024,malam,185
9/27/2024,siang,170
9/27/2024,malam,186
9/28/2024,siang,184
9/28/2024,malam,169
9/29/2024,siang,148
9/29/2024,malam,167
9/30/2024,siang,170
9/30/2024,malam,181
10/1/2024,siang,190
10/1/2024,malam,191
10/2/2024,siang,199
10/2/2024,malam,185
10/3/2024,siang,17
10/3/2024,malam,186
10/4/2024,siang,175
10/4/2024,malam,188
10/5/2024,siang,185
10/5/2024,malam,180
10/6/2024,siang,156
10/6/2024,malam,187
10/7/2024,siang,196
10/7/2024,malam,240
10/8/2024,siang,242
10/8/2024,malam,268
10/9/2024,siang,250
10/9/2024,malam,258
10/10/2024,siang,266
10/10/2024,malam,188
10/11/2024,siang,191
10/11/2024,malam,200
10/12/2024,siang,207
10/12/2024,malam,191
10/13/2024,siang,170
10/13/2024,malam,186
10/14/2024,siang,185
10/14/2024,malam,197
10/15/2024,siang,199
10/15/2024,malam,185
10/16/2024,siang,190
10/16/2024,malam,176
10/17/2024,siang,185
10/17/2024,malam,185
10/18/2024,siang,162
10/18/2024,malam,180
10/19/2024,siang,199
10/19/2024,malam,176
10/20/2024,siang,165
10/20/2024,malam,171
10/21/2024,siang,185
10/21/2024,malam,190
10/22/2024,siang,195
10/22/2024,malam,192
10/23/2024,siang,196
10/23/2024,malam,176
10/24/2024,siang,196
10/24/2024,malam,176
10/25/2024,siang,180
10/25/2024,malam,183
10/26/2024,siang,200
10/26/2024,malam,184
10/27/2024,siang,173
10/27/2024,malam,186
10/28/2024,siang,198
10/28/2024,malam,206
10/29/2024,siang,200
10/29/2024,malam,190
10/30/2024,siang,204
10/30/2024,malam,207
10/31/2024,siang,220
10/31/2024,malam,176
11/1/2024,siang,162
11/1/2024,malam,169
11/2/2024,siang,176
11/2/2024,malam,174
11/3/2024,siang,155
11/3/2024,malam,175
11/4/2024,siang,165
11/4/2024,malam,168
11/5/2024,siang,193
11/5/2024,malam,180
11/6/2024,siang,196
11/6/2024,malam,192
11/7/2024,siang,190
11/7/2024,malam,185
11/8/2024,siang,189
11/8/2024,malam,183
11/9/2024,siang,191
11/9/2024,malam,178
11/10/2024,siang,160
11/10/2024,malam,176
11/11/2024,siang,186
11/11/2024,malam,193
11/12/2024,siang,193
11/12/2024,malam,193
11/13/2024,siang,202
11/13/2024,malam,186
11/14/2024,siang,187
11/14/2024,malam,190
11/15/2024,siang,190
11/15/2024,malam,190
11/16/2024,siang,201
11/16/2024,malam,178
11/17/2024,siang,161
11/17/2024,malam,184
11/18/2024,siang,190
11/18/2024,malam,200
11/19/2024,siang,174
11/19/2024,malam,189
11/20/2024,siang,201
11/20/2024,malam,187
11/21/2024,siang,204
11/21/2024,malam,180
11/22/2024,siang,59
11/22/2024,malam,187
11/23/2024,siang,190
11/23/2024,malam,185
11/24/2024,siang,171
11/24/2024,malam,184
11/25/2024,siang,196
11/25/2024,malam,178
11/26/2024,siang,189
11/26/2024,malam,193
11/27/2024,siang,121
11/27/2024,malam,186
11/28/2024,siang,189
11/28/2024,malam,190
11/29/2024,siang,171
11/29/2024,malam,162
11/30/2024,siang,185
11/30/2024,malam,178
12/1/2024,siang,156
12/1/2024,malam,35
12/2/2024,siang,195
12/2/2024,malam,174
12/3/2024,siang,196
12/3/2024,malam,188
12/4/2024,siang,181
12/4/2024,malam,187
12/5/2024,siang,197
12/5/2024,malam,174
12/6/2024,siang,174
12/6/2024,malam,163
12/7/2024,siang,176
12/7/2024,malam,181
12/8/2024,siang,153
12/8/2024,malam,177
12/9/2024,siang,180
12/9/2024,malam,169
12/10/2024,siang,190
12/10/2024,malam,188
12/11/2024,siang,181
12/11/2024,malam,167
12/12/2024,siang,185
12/12/2024,malam,173
12/13/2024,siang,162
12/13/2024,malam,178
12/14/2024,siang,170
12/14/2024,malam,162
12/15/2024,siang,153
12/15/2024,malam,169
12/16/2024,siang,182
12/16/2024,malam,181
12/17/2024,siang,191
12/17/2024,malam,185
12/18/2024,siang,195
12/18/2024,malam,171
12/19/2024,siang,195
12/19/2024,malam,170
12/20/2024,siang,170
12/20/2024,malam,187
12/21/2024,siang,180
12/21/2024,malam,180
12/22/2024,siang,141
12/22/2024,malam,168
12/23/2024,siang,182
12/23/2024,malam,176
12/24/2024,siang,180
12/24/2024,malam,171
12/25/2024,siang,163
12/25/2024,malam,174
12/26/2024,siang,175
12/26/2024,malam,170
12/27/2024,siang,176
12/27/2024,malam,166
12/28/2024,siang,156
12/28/2024,malam,173
12/29/2024,siang,137
12/29/2024,malam,160
12/30/2024,siang,164
12/30/2024,malam,163
12/31/2024,siang,180
12/31/2024,malam,171
1/1/2025,siang,113
1/1/2025,malam,134
1/2/2025,siang,153
1/2/2025,malam,167
1/3/2025,siang,164
1/3/2025,malam,155
1/4/2025,siang,169
1/4/2025,malam,163
1/5/2025,siang,151
1/5/2025,malam,173
1/6/2025,siang,186
1/6/2025,malam,175
1/7/2025,siang,181
1/7/2025,malam,177
1/8/2025,siang,187
1/8/2025,malam,134
1/9/2025,siang,153
1/9/2025,malam,167
1/10/2025,siang,193
1/10/2025,malam,199
1/11/2025,siang,189
1/11/2025,malam,180
1/12/2025,siang,162
1/12/2025,malam,183
1/13/2025,siang,187
1/13/2025,malam,185
1/14/2025,siang,196
1/14/2025,malam,189
1/15/2025,siang,193
1/15/2025,malam,195
1/16/2025,siang,187
1/16/2025,malam,193
1/17/2025,siang,185
1/17/2025,malam,195
1/18/2025,siang,201
1/18/2025,malam,179
1/19/2025,siang,164
1/19/2025,malam,187
1/20/2025,siang,193
1/20/2025,malam,190
1/21/2025,siang,186
1/21/2025,malam,190
1/22/2025,siang,183
1/22/2025,malam,184
1/23/2025,siang,180
1/23/2025,malam,179
1/24/2025,siang,175
1/24/2025,malam,180
1/25/2025,siang,174
1/25/2025,malam,167
1/26/2025,siang,152
1/26/2025,malam,187
1/27/2025,siang,146
1/27/2025,malam,156
1/28/2025,siang,161
1/28/2025,malam,162
1/29/2025,siang,167
1/29/2025,malam,157
1/30/2025,siang,173
1/30/2025,malam,154
1/31/2025,siang,162
1/31/2025,malam,161
2/1/2025,siang,184
2/1/2025,malam,172
2/2/2025,siang,153
2/2/2025,malam,165
2/3/2025,siang,180
2/3/2025,malam,191
2/4/2025,siang,188
2/4/2025,malam,190
2/5/2025,siang,188
2/5/2025,malam,183
2/6/2025,siang,173
2/6/2025,malam,154
2/7/2025,siang,180
2/7/2025,malam,184
2/8/2025,siang,182
2/8/2025,malam,181
2/9/2025,siang,189
2/9/2025,malam,180
2/10/2025,siang,187
2/10/2025,malam,185
2/11/2025,siang,186
2/11/2025,malam,181
2/12/2025,siang,187
2/12/2025,malam,174
2/13/2025,siang,184
2/13/2025,malam,173
2/14/2025,siang,185
2/14/2025,malam,176
2/15/2025,siang,187
2/15/2025,malam,171
2/16/2025,siang,156
2/16/2025,malam,178
2/17/2025,siang,154
2/17/2025,malam,182
2/18/2025,siang,188
2/18/2025,malam,189
2/19/2025,siang,187
2/19/2025,malam,174
2/20/2025,siang,189
2/20/2025,malam,180
2/21/2025,siang,181
2/21/2025,malam,177
2/22/2025,siang,182
2/22/2025,malam,181
2/23/2025,siang,189
2/23/2025,malam,180
2/24/2025,siang,186
2/24/2025,malam,180
2/25/2025,siang,187
2/25/2025,malam,196
2/26/2025,siang,193
2/26/2025,malam,187
2/27/2025,siang,188
2/27/2025,malam,184
2/28/2025,siang,163
2/28/2025,malam,172
3/1/2025,siang,147
3/1/2025,malam,178
3/2/2025,siang,146
3/2/2025,malam,188
3/3/2025,siang,190
3/3/2025,malam,194
3/4/2025,siang,185
3/4/2025,malam,193
3/5/2025,siang,194
3/5/2025,malam,192
3/6/2025,siang,163
3/6/2025,malam,161
3/7/2025,siang,170
3/7/2025,malam,178
3/8/2025,siang,166
3/8/2025,malam,162
3/9/2025,siang,150
3/9/2025,malam,182
3/10/2025,siang,181
3/10/2025,malam,188
3/11/2025,siang,174
3/11/2025,malam,183
3/12/2025,siang,184
3/12/2025,malam,180
3/13/2025,siang,186
3/13/2025,malam,176
3/14/2025,siang,176
3/14/2025,malam,176
3/15/2025,siang,183
3/15/2025,malam,166
3/16/2025,siang,143
3/16/2025,malam,172
3/17/2025,siang,176
3/17/2025,malam,175
3/18/2025,siang,172
3/18/2025,malam,175
3/19/2025,siang,177
3/19/2025,malam,173
3/20/2025,siang,172
3/20/2025,malam,172
3/21/2025,siang,165
3/21/2025,malam,168
3/22/2025,siang,164
3/22/2025,malam,163
3/23/2025,siang,139
3/23/2025,malam,170
3/24/2025,siang,166
3/24/2025,malam,167
3/25/2025,siang,162
3/25/2025,malam,172
3/26/2025,siang,151
3/26/2025,malam,175
3/27/2025,siang,149
3/27/2025,malam,172
3/28/2025,siang,138
3/28/2025,malam,147
3/29/2025,siang,115
3/29/2025,malam,145
3/30/2025,siang,106
3/30/2025,malam,138
3/31/2025,siang,96
3/31/2025,malam,127
4/1/2025,siang,102
4/1/2025,malam,128
4/2/2025,siang,103
4/2/2025,malam,127
4/3/2025,siang,106
4/3/2025,malam,133
4/4/2025,siang,114
4/4/2025,malam,138
4/5/2025,siang,119
4/5/2025,malam,140
4/6/2025,siang,119
4/6/2025,malam,143
4/7/2025,siang,135
4/7/2025,malam,158
4/8/2025,siang,155
4/8/2025,malam,163
4/9/2025,siang,163
4/9/2025,malam,169
4/10/2025,siang,169
4/10/2025,malam,159
4/11/2025,siang,169
4/11/2025,malam,165
4/12/2025,siang,165
4/12/2025,malam,169
4/13/2025,siang,143
4/13/2025,malam,175
4/14/2025,siang,187
4/14/2025,malam,178
4/15/2025,siang,196
4/15/2025,malam,181
4/16/2025,siang,191
4/16/2025,malam,185
4/17/2025,siang,189
4/17/2025,malam,184
4/18/2025,siang,175
4/18/2025,malam,178
4/19/2025,siang,191
4/19/2025,malam,178
4/20/2025,siang,153
4/20/2025,malam,175
4/21/2025,siang,189
4/21/2025,malam,180
4/22/2025,siang,186
4/22/2025,malam,182
4/23/2025,siang,188
4/23/2025,malam,185
4/24/2025,siang,193
4/24/2025,malam,186
4/25/2025,siang,190
4/25/2025,malam,187
4/26/2025,siang,200
4/26/2025,malam,178
4/27/2025,siang,159
4/27/2025,malam,176
4/28/2025,siang,189
4/28/2025,malam,179
4/29/2025,siang,180
4/29/2025,malam,183
4/30/2025,siang,191
4/30/2025,malam,180
